0 croncat-croncat |2014-06-15 00:00:39| 0 |Thu, 18 Dec 2014 13:06:08 GMT| 13 13
0 croncat-croncat |2014-06-15 00:00:39| 1 |Mon, 01 Dec 2014 11:54:55 GMT| 282 824
0 croncat-croncat |2014-06-15 00:00:39| 2 |Tue, 28 Oct 2014 12:37:23 GMT| 7 7
0 croncat-croncat |2014-06-15 00:00:39| 3 |Thu, 21 Aug 2014 13:07:19 GMT| 60 48
0 croncat-croncat |2014-06-15 00:00:39| 4 |Fri, 18 Jul 2014 18:29:23 GMT| 15 15
0 croncat-croncat |2014-06-15 00:00:39| 5 |Tue, 15 Jul 2014 14:56:16 GMT| 58 18
0 croncat-croncat |2014-06-15 00:00:39| 6 |Mon, 14 Jul 2014 14:11:05 GMT| 1 1
0 croncat-croncat |2014-06-15 00:00:39| 7 |Mon, 14 Jul 2014 13:27:20 GMT| 95 90
0 croncat-croncat |2014-06-15 00:00:39| 8 |Sat, 12 Jul 2014 07:49:17 GMT| 291 50
0 croncat-croncat |2014-06-15 00:00:39| 9 |Mon, 30 Jun 2014 14:07:15 GMT| 88 32
0 croncat-croncat |2014-06-15 00:00:39| 10 |Sat, 28 Jun 2014 07:06:46 GMT| 102 118
0 croncat-croncat |2014-06-15 00:00:39| 11 |Thu, 26 Jun 2014 16:57:40 GMT| 29 46
0 croncat-croncat |2014-06-15 00:00:39| 12 |Wed, 25 Jun 2014 18:21:37 GMT| 1 1
0 croncat-croncat |2014-06-15 00:00:39| 13 |Tue, 24 Jun 2014 18:48:05 GMT| 2 0
0 croncat-croncat |2014-06-15 00:00:39| 14 |Tue, 24 Jun 2014 13:21:39 GMT| 29 30
0 croncat-croncat |2014-06-15 00:00:39| 15 |Thu, 19 Jun 2014 17:45:38 GMT| 7 4
0 croncat-croncat |2014-06-15 00:00:39| 16 |Thu, 19 Jun 2014 17:24:47 GMT| 45 16
0 croncat-croncat |2014-06-15 00:00:39| 17 |Tue, 17 Jun 2014 18:19:29 GMT| 20 0
0 croncat-croncat |2014-06-15 00:00:39| 18 |Mon, 16 Jun 2014 18:18:21 GMT| 7 5
0 croncat-croncat |2014-06-15 00:00:39| 19 |Mon, 16 Jun 2014 11:29:48 GMT| 3 0
0 croncat-croncat |2014-06-15 00:00:39| 20 |Mon, 16 Jun 2014 00:46:21 GMT| 0 0
0 croncat-croncat |2014-06-15 00:00:39| 21 |Sun, 15 Jun 2014 23:43:48 GMT| 5 0
0 croncat-croncat |2014-06-15 00:00:39| 22 |Sun, 15 Jun 2014 23:43:48 GMT| 5 0
0 croncat-croncat |2014-06-15 00:00:39| 23 |Sun, 15 Jun 2014 23:43:04 GMT| 29 1
0 croncat-croncat |2014-06-15 00:00:39| 24 |Sun, 15 Jun 2014 23:43:04 GMT| 29 1
0 croncat-croncat |2014-06-15 00:00:39| 25 |Sun, 15 Jun 2014 06:38:11 GMT| 1 1
0 croncat-croncat |2014-06-15 00:00:39| 26 |Sun, 15 Jun 2014 06:38:11 GMT| 1 1
0 croncat-croncat |2014-06-15 00:00:39| 27 |Sun, 15 Jun 2014 06:26:12 GMT| 2 1
0 croncat-croncat |2014-06-15 00:00:39| 28 |Sun, 15 Jun 2014 06:26:12 GMT| 2 1
0 croncat-croncat |2014-06-15 00:00:39| 29 |Sun, 15 Jun 2014 06:12:15 GMT| 2 0
0 croncat-croncat |2014-06-15 00:00:39| 30 |Sun, 15 Jun 2014 06:12:15 GMT| 2 0
0 croncat-croncat |2014-06-15 00:00:39| 31 |Sun, 15 Jun 2014 06:01:37 GMT| 0 1
0 croncat-croncat |2014-06-15 00:00:39| 32 |Sun, 15 Jun 2014 06:01:37 GMT| 0 1
0 croncat-croncat |2014-06-15 00:00:39| 33 |Sun, 15 Jun 2014 05:55:22 GMT| 605 0
0 croncat-croncat |2014-06-15 00:00:39| 34 |Sun, 15 Jun 2014 05:55:22 GMT| 605 0
0 croncat-croncat |2014-06-15 00:00:39| 35 |Sun, 15 Jun 2014 00:00:39 GMT| 678 0
1 FacundoAcevedo-ABB |2012-10-22 14:00:23| 36 |Sat, 17 Nov 2012 19:23:03 GMT| 3409 0
1 FacundoAcevedo-ABB |2012-10-22 14:00:23| 37 |Sat, 17 Nov 2012 19:22:33 GMT| 565 560
1 FacundoAcevedo-ABB |2012-10-22 14:00:23| 38 |Mon, 12 Nov 2012 22:11:24 GMT| 503 300
1 FacundoAcevedo-ABB |2012-10-22 14:00:23| 39 |Wed, 31 Oct 2012 23:01:34 GMT| 25 23
1 FacundoAcevedo-ABB |2012-10-22 14:00:23| 40 |Mon, 29 Oct 2012 00:05:36 GMT| 324 149
1 FacundoAcevedo-ABB |2012-10-22 14:00:23| 41 |Sat, 27 Oct 2012 22:13:33 GMT| 245 55
1 FacundoAcevedo-ABB |2012-10-22 14:00:23| 42 |Tue, 23 Oct 2012 18:28:54 GMT| 106 38
1 FacundoAcevedo-ABB |2012-10-22 14:00:23| 43 |Tue, 23 Oct 2012 14:43:11 GMT| 71 46
1 FacundoAcevedo-ABB |2012-10-22 14:00:23| 44 |Tue, 23 Oct 2012 13:44:09 GMT| 38 11
1 FacundoAcevedo-ABB |2012-10-22 14:00:23| 45 |Mon, 22 Oct 2012 14:14:52 GMT| 257 0
1 FacundoAcevedo-ABB |2012-10-22 14:00:23| 46 |Mon, 22 Oct 2012 13:59:58 GMT| 0 0
2 FacundoAcevedo-adivinar_idioma |2017-08-18 15:15:40| 47 |Fri, 18 Aug 2017 15:23:51 GMT| 160900 0
3 FacundoAcevedo-Algo3Tp2 |2013-05-22 21:13:56| 48 |Sat, 13 Jul 2013 04:03:20 GMT| 1 1
3 FacundoAcevedo-Algo3Tp2 |2013-05-22 21:13:56| 49 |Fri, 12 Jul 2013 21:40:57 GMT| 0 0
3 FacundoAcevedo-Algo3Tp2 |2013-05-22 21:13:56| 50 |Fri, 12 Jul 2013 21:40:24 GMT| 0 0
3 FacundoAcevedo-Algo3Tp2 |2013-05-22 21:13:56| 51 |Fri, 12 Jul 2013 21:15:23 GMT| 1 0
3 FacundoAcevedo-Algo3Tp2 |2013-05-22 21:13:56| 52 |Fri, 12 Jul 2013 21:00:20 GMT| 0 0
3 FacundoAcevedo-Algo3Tp2 |2013-05-22 21:13:56| 53 |Fri, 12 Jul 2013 21:00:03 GMT| 0 0
3 FacundoAcevedo-Algo3Tp2 |2013-05-22 21:13:56| 54 |Fri, 12 Jul 2013 20:52:11 GMT| 0 0
3 FacundoAcevedo-Algo3Tp2 |2013-05-22 21:13:56| 55 |Fri, 12 Jul 2013 20:46:59 GMT| 0 0
3 FacundoAcevedo-Algo3Tp2 |2013-05-22 21:13:56| 56 |Fri, 12 Jul 2013 20:26:55 GMT| 0 0
3 FacundoAcevedo-Algo3Tp2 |2013-05-22 21:13:56| 57 |Fri, 12 Jul 2013 20:20:36 GMT| 2 1
3 FacundoAcevedo-Algo3Tp2 |2013-05-22 21:13:56| 58 |Fri, 12 Jul 2013 20:18:25 GMT| 1 1
3 FacundoAcevedo-Algo3Tp2 |2013-05-22 21:13:56| 59 |Fri, 12 Jul 2013 20:12:00 GMT| 0 1
3 FacundoAcevedo-Algo3Tp2 |2013-05-22 21:13:56| 60 |Fri, 12 Jul 2013 20:11:53 GMT| 0 0
3 FacundoAcevedo-Algo3Tp2 |2013-05-22 21:13:56| 61 |Fri, 12 Jul 2013 20:11:43 GMT| 0 3684
3 FacundoAcevedo-Algo3Tp2 |2013-05-22 21:13:56| 62 |Fri, 12 Jul 2013 19:54:34 GMT| 0 17
3 FacundoAcevedo-Algo3Tp2 |2013-05-22 21:13:56| 63 |Fri, 12 Jul 2013 19:50:37 GMT| 0 1
3 FacundoAcevedo-Algo3Tp2 |2013-05-22 21:13:56| 64 |Fri, 12 Jul 2013 19:13:19 GMT| 0 0
3 FacundoAcevedo-Algo3Tp2 |2013-05-22 21:13:56| 65 |Fri, 12 Jul 2013 14:02:44 GMT| 0 17
3 FacundoAcevedo-Algo3Tp2 |2013-05-22 21:13:56| 66 |Fri, 12 Jul 2013 09:46:50 GMT| 66 50
3 FacundoAcevedo-Algo3Tp2 |2013-05-22 21:13:56| 67 |Fri, 12 Jul 2013 03:41:50 GMT| 5 0
3 FacundoAcevedo-Algo3Tp2 |2013-05-22 21:13:56| 68 |Fri, 12 Jul 2013 03:19:38 GMT| 0 0
3 FacundoAcevedo-Algo3Tp2 |2013-05-22 21:13:56| 69 |Fri, 12 Jul 2013 03:19:24 GMT| 0 0
3 FacundoAcevedo-Algo3Tp2 |2013-05-22 21:13:56| 70 |Fri, 12 Jul 2013 01:24:33 GMT| 62 18
3 FacundoAcevedo-Algo3Tp2 |2013-05-22 21:13:56| 71 |Fri, 12 Jul 2013 01:24:21 GMT| 1 1
3 FacundoAcevedo-Algo3Tp2 |2013-05-22 21:13:56| 72 |Fri, 12 Jul 2013 00:38:27 GMT| 7 0
3 FacundoAcevedo-Algo3Tp2 |2013-05-22 21:13:56| 73 |Fri, 12 Jul 2013 00:38:04 GMT| 51 14
3 FacundoAcevedo-Algo3Tp2 |2013-05-22 21:13:56| 74 |Fri, 12 Jul 2013 00:07:09 GMT| 1 1
3 FacundoAcevedo-Algo3Tp2 |2013-05-22 21:13:56| 75 |Thu, 11 Jul 2013 23:45:20 GMT| 2 0
3 FacundoAcevedo-Algo3Tp2 |2013-05-22 21:13:56| 76 |Thu, 11 Jul 2013 23:07:35 GMT| 1 1
3 FacundoAcevedo-Algo3Tp2 |2013-05-22 21:13:56| 77 |Thu, 11 Jul 2013 23:05:22 GMT| 0 2
3 FacundoAcevedo-Algo3Tp2 |2013-05-22 21:13:56| 78 |Thu, 11 Jul 2013 15:54:16 GMT| 7 2
3 FacundoAcevedo-Algo3Tp2 |2013-05-22 21:13:56| 79 |Thu, 11 Jul 2013 15:27:50 GMT| 1 0
3 FacundoAcevedo-Algo3Tp2 |2013-05-22 21:13:56| 80 |Thu, 11 Jul 2013 15:26:45 GMT| 14 2
3 FacundoAcevedo-Algo3Tp2 |2013-05-22 21:13:56| 81 |Thu, 11 Jul 2013 14:55:00 GMT| 23 14
3 FacundoAcevedo-Algo3Tp2 |2013-05-22 21:13:56| 82 |Thu, 11 Jul 2013 13:18:51 GMT| 1 12
3 FacundoAcevedo-Algo3Tp2 |2013-05-22 21:13:56| 83 |Thu, 11 Jul 2013 13:18:25 GMT| 1 1
3 FacundoAcevedo-Algo3Tp2 |2013-05-22 21:13:56| 84 |Thu, 11 Jul 2013 09:08:02 GMT| 0 0
3 FacundoAcevedo-Algo3Tp2 |2013-05-22 21:13:56| 85 |Thu, 11 Jul 2013 09:07:49 GMT| 5 2
3 FacundoAcevedo-Algo3Tp2 |2013-05-22 21:13:56| 86 |Thu, 11 Jul 2013 08:42:57 GMT| 3 3
3 FacundoAcevedo-Algo3Tp2 |2013-05-22 21:13:56| 87 |Thu, 11 Jul 2013 08:40:10 GMT| 24 9
3 FacundoAcevedo-Algo3Tp2 |2013-05-22 21:13:56| 88 |Thu, 11 Jul 2013 08:39:53 GMT| 0 0
3 FacundoAcevedo-Algo3Tp2 |2013-05-22 21:13:56| 89 |Thu, 11 Jul 2013 08:39:37 GMT| 79 0
3 FacundoAcevedo-Algo3Tp2 |2013-05-22 21:13:56| 90 |Thu, 11 Jul 2013 07:29:50 GMT| 0 0
3 FacundoAcevedo-Algo3Tp2 |2013-05-22 21:13:56| 91 |Thu, 11 Jul 2013 01:34:53 GMT| 0 0
3 FacundoAcevedo-Algo3Tp2 |2013-05-22 21:13:56| 92 |Thu, 11 Jul 2013 00:23:59 GMT| 2 1
3 FacundoAcevedo-Algo3Tp2 |2013-05-22 21:13:56| 93 |Thu, 11 Jul 2013 00:05:59 GMT| 102 77
3 FacundoAcevedo-Algo3Tp2 |2013-05-22 21:13:56| 94 |Thu, 11 Jul 2013 00:05:08 GMT| 27 10
3 FacundoAcevedo-Algo3Tp2 |2013-05-22 21:13:56| 95 |Thu, 11 Jul 2013 00:04:36 GMT| 35 0
3 FacundoAcevedo-Algo3Tp2 |2013-05-22 21:13:56| 96 |Wed, 10 Jul 2013 21:14:08 GMT| 9 2
3 FacundoAcevedo-Algo3Tp2 |2013-05-22 21:13:56| 97 |Wed, 10 Jul 2013 20:36:02 GMT| 6 5
3 FacundoAcevedo-Algo3Tp2 |2013-05-22 21:13:56| 98 |Wed, 10 Jul 2013 20:27:28 GMT| 5 0
3 FacundoAcevedo-Algo3Tp2 |2013-05-22 21:13:56| 99 |Wed, 10 Jul 2013 19:24:58 GMT| 92 68
3 FacundoAcevedo-Algo3Tp2 |2013-05-22 21:13:56| 100 |Wed, 10 Jul 2013 18:38:05 GMT| 1 1
3 FacundoAcevedo-Algo3Tp2 |2013-05-22 21:13:56| 101 |Wed, 10 Jul 2013 16:00:17 GMT| 1 1
3 FacundoAcevedo-Algo3Tp2 |2013-05-22 21:13:56| 102 |Wed, 10 Jul 2013 14:59:27 GMT| 180 15
3 FacundoAcevedo-Algo3Tp2 |2013-05-22 21:13:56| 103 |Wed, 10 Jul 2013 11:56:24 GMT| 3 2
3 FacundoAcevedo-Algo3Tp2 |2013-05-22 21:13:56| 104 |Wed, 10 Jul 2013 11:44:33 GMT| 0 1
3 FacundoAcevedo-Algo3Tp2 |2013-05-22 21:13:56| 105 |Wed, 10 Jul 2013 11:44:20 GMT| 3 2
3 FacundoAcevedo-Algo3Tp2 |2013-05-22 21:13:56| 106 |Wed, 10 Jul 2013 11:44:04 GMT| 4 0
3 FacundoAcevedo-Algo3Tp2 |2013-05-22 21:13:56| 107 |Wed, 10 Jul 2013 11:43:45 GMT| 0 0
3 FacundoAcevedo-Algo3Tp2 |2013-05-22 21:13:56| 108 |Tue, 09 Jul 2013 19:24:20 GMT| 1 1
3 FacundoAcevedo-Algo3Tp2 |2013-05-22 21:13:56| 109 |Tue, 09 Jul 2013 16:56:23 GMT| 0 0
3 FacundoAcevedo-Algo3Tp2 |2013-05-22 21:13:56| 110 |Tue, 09 Jul 2013 16:56:00 GMT| 4 2
3 FacundoAcevedo-Algo3Tp2 |2013-05-22 21:13:56| 111 |Tue, 09 Jul 2013 16:55:43 GMT| 29 3
3 FacundoAcevedo-Algo3Tp2 |2013-05-22 21:13:56| 112 |Tue, 09 Jul 2013 16:54:40 GMT| 1 0
3 FacundoAcevedo-Algo3Tp2 |2013-05-22 21:13:56| 113 |Tue, 09 Jul 2013 15:03:00 GMT| 0 0
3 FacundoAcevedo-Algo3Tp2 |2013-05-22 21:13:56| 114 |Tue, 09 Jul 2013 15:02:42 GMT| 4 0
3 FacundoAcevedo-Algo3Tp2 |2013-05-22 21:13:56| 115 |Tue, 09 Jul 2013 15:02:12 GMT| 3 8
3 FacundoAcevedo-Algo3Tp2 |2013-05-22 21:13:56| 116 |Tue, 09 Jul 2013 15:01:33 GMT| 43 8
3 FacundoAcevedo-Algo3Tp2 |2013-05-22 21:13:56| 117 |Tue, 09 Jul 2013 14:29:53 GMT| 1 1
3 FacundoAcevedo-Algo3Tp2 |2013-05-22 21:13:56| 118 |Tue, 09 Jul 2013 14:27:31 GMT| 1 1
3 FacundoAcevedo-Algo3Tp2 |2013-05-22 21:13:56| 119 |Tue, 09 Jul 2013 07:26:34 GMT| 6 3
3 FacundoAcevedo-Algo3Tp2 |2013-05-22 21:13:56| 120 |Tue, 09 Jul 2013 07:25:52 GMT| 9 0
3 FacundoAcevedo-Algo3Tp2 |2013-05-22 21:13:56| 121 |Tue, 09 Jul 2013 06:36:14 GMT| 9 6
3 FacundoAcevedo-Algo3Tp2 |2013-05-22 21:13:56| 122 |Tue, 09 Jul 2013 06:29:58 GMT| 1 1
3 FacundoAcevedo-Algo3Tp2 |2013-05-22 21:13:56| 123 |Tue, 09 Jul 2013 05:46:25 GMT| 0 0
3 FacundoAcevedo-Algo3Tp2 |2013-05-22 21:13:56| 124 |Tue, 09 Jul 2013 05:11:59 GMT| 13 16
3 FacundoAcevedo-Algo3Tp2 |2013-05-22 21:13:56| 125 |Tue, 09 Jul 2013 05:08:50 GMT| 0 0
3 FacundoAcevedo-Algo3Tp2 |2013-05-22 21:13:56| 126 |Tue, 09 Jul 2013 05:08:18 GMT| 26 3
3 FacundoAcevedo-Algo3Tp2 |2013-05-22 21:13:56| 127 |Tue, 09 Jul 2013 03:38:31 GMT| 2 3
3 FacundoAcevedo-Algo3Tp2 |2013-05-22 21:13:56| 128 |Tue, 09 Jul 2013 03:38:07 GMT| 0 0
3 FacundoAcevedo-Algo3Tp2 |2013-05-22 21:13:56| 129 |Tue, 09 Jul 2013 03:24:33 GMT| 6 5
3 FacundoAcevedo-Algo3Tp2 |2013-05-22 21:13:56| 130 |Tue, 09 Jul 2013 03:24:10 GMT| 40 5
3 FacundoAcevedo-Algo3Tp2 |2013-05-22 21:13:56| 131 |Tue, 09 Jul 2013 03:23:19 GMT| 2 0
3 FacundoAcevedo-Algo3Tp2 |2013-05-22 21:13:56| 132 |Tue, 09 Jul 2013 03:23:01 GMT| 2 2
3 FacundoAcevedo-Algo3Tp2 |2013-05-22 21:13:56| 133 |Tue, 09 Jul 2013 03:21:46 GMT| 6 2
3 FacundoAcevedo-Algo3Tp2 |2013-05-22 21:13:56| 134 |Tue, 09 Jul 2013 03:21:17 GMT| 51 17
3 FacundoAcevedo-Algo3Tp2 |2013-05-22 21:13:56| 135 |Tue, 09 Jul 2013 01:58:08 GMT| 2 3
3 FacundoAcevedo-Algo3Tp2 |2013-05-22 21:13:56| 136 |Tue, 09 Jul 2013 01:23:13 GMT| 1 1
3 FacundoAcevedo-Algo3Tp2 |2013-05-22 21:13:56| 137 |Tue, 09 Jul 2013 01:02:51 GMT| 0 0
3 FacundoAcevedo-Algo3Tp2 |2013-05-22 21:13:56| 138 |Tue, 09 Jul 2013 01:01:19 GMT| 2 1
3 FacundoAcevedo-Algo3Tp2 |2013-05-22 21:13:56| 139 |Tue, 09 Jul 2013 00:46:22 GMT| 0 0
3 FacundoAcevedo-Algo3Tp2 |2013-05-22 21:13:56| 140 |Mon, 08 Jul 2013 22:42:15 GMT| 11 1
3 FacundoAcevedo-Algo3Tp2 |2013-05-22 21:13:56| 141 |Mon, 08 Jul 2013 22:34:15 GMT| 4 4
3 FacundoAcevedo-Algo3Tp2 |2013-05-22 21:13:56| 142 |Mon, 08 Jul 2013 22:20:05 GMT| 30 3
3 FacundoAcevedo-Algo3Tp2 |2013-05-22 21:13:56| 143 |Mon, 08 Jul 2013 20:58:44 GMT| 13 4
3 FacundoAcevedo-Algo3Tp2 |2013-05-22 21:13:56| 144 |Mon, 08 Jul 2013 20:58:31 GMT| 0 0
3 FacundoAcevedo-Algo3Tp2 |2013-05-22 21:13:56| 145 |Mon, 08 Jul 2013 20:57:07 GMT| 0 0
3 FacundoAcevedo-Algo3Tp2 |2013-05-22 21:13:56| 146 |Mon, 08 Jul 2013 20:55:16 GMT| 0 0
3 FacundoAcevedo-Algo3Tp2 |2013-05-22 21:13:56| 147 |Mon, 08 Jul 2013 20:50:42 GMT| 9 0
3 FacundoAcevedo-Algo3Tp2 |2013-05-22 21:13:56| 148 |Mon, 08 Jul 2013 20:26:32 GMT| 4 4
3 FacundoAcevedo-Algo3Tp2 |2013-05-22 21:13:56| 149 |Mon, 08 Jul 2013 20:10:20 GMT| 1 1
3 FacundoAcevedo-Algo3Tp2 |2013-05-22 21:13:56| 150 |Mon, 08 Jul 2013 20:09:12 GMT| 1 1
3 FacundoAcevedo-Algo3Tp2 |2013-05-22 21:13:56| 151 |Mon, 08 Jul 2013 20:08:40 GMT| 3 2
3 FacundoAcevedo-Algo3Tp2 |2013-05-22 21:13:56| 152 |Mon, 08 Jul 2013 20:06:30 GMT| 1 1
3 FacundoAcevedo-Algo3Tp2 |2013-05-22 21:13:56| 153 |Mon, 08 Jul 2013 20:05:59 GMT| 10 10
3 FacundoAcevedo-Algo3Tp2 |2013-05-22 21:13:56| 154 |Mon, 08 Jul 2013 16:36:20 GMT| 2 3
3 FacundoAcevedo-Algo3Tp2 |2013-05-22 21:13:56| 155 |Mon, 08 Jul 2013 15:10:51 GMT| 1 0
3 FacundoAcevedo-Algo3Tp2 |2013-05-22 21:13:56| 156 |Mon, 08 Jul 2013 15:09:24 GMT| 1 0
3 FacundoAcevedo-Algo3Tp2 |2013-05-22 21:13:56| 157 |Mon, 08 Jul 2013 15:02:57 GMT| 1 0
3 FacundoAcevedo-Algo3Tp2 |2013-05-22 21:13:56| 158 |Mon, 08 Jul 2013 15:02:10 GMT| 8 1
3 FacundoAcevedo-Algo3Tp2 |2013-05-22 21:13:56| 159 |Mon, 08 Jul 2013 14:46:22 GMT| 0 1
3 FacundoAcevedo-Algo3Tp2 |2013-05-22 21:13:56| 160 |Mon, 08 Jul 2013 14:41:48 GMT| 49 40
3 FacundoAcevedo-Algo3Tp2 |2013-05-22 21:13:56| 161 |Mon, 08 Jul 2013 14:09:19 GMT| 6 11
3 FacundoAcevedo-Algo3Tp2 |2013-05-22 21:13:56| 162 |Mon, 08 Jul 2013 14:05:10 GMT| 1 0
3 FacundoAcevedo-Algo3Tp2 |2013-05-22 21:13:56| 163 |Mon, 08 Jul 2013 13:58:31 GMT| 5 0
3 FacundoAcevedo-Algo3Tp2 |2013-05-22 21:13:56| 164 |Mon, 08 Jul 2013 13:39:13 GMT| 12 0
3 FacundoAcevedo-Algo3Tp2 |2013-05-22 21:13:56| 165 |Mon, 08 Jul 2013 13:37:42 GMT| 0 3
3 FacundoAcevedo-Algo3Tp2 |2013-05-22 21:13:56| 166 |Mon, 08 Jul 2013 13:29:36 GMT| 9 19
3 FacundoAcevedo-Algo3Tp2 |2013-05-22 21:13:56| 167 |Mon, 08 Jul 2013 08:38:21 GMT| 0 0
3 FacundoAcevedo-Algo3Tp2 |2013-05-22 21:13:56| 168 |Mon, 08 Jul 2013 08:28:44 GMT| 0 0
3 FacundoAcevedo-Algo3Tp2 |2013-05-22 21:13:56| 169 |Mon, 08 Jul 2013 07:20:41 GMT| 0 0
3 FacundoAcevedo-Algo3Tp2 |2013-05-22 21:13:56| 170 |Mon, 08 Jul 2013 07:16:14 GMT| 13 4
3 FacundoAcevedo-Algo3Tp2 |2013-05-22 21:13:56| 171 |Mon, 08 Jul 2013 04:21:36 GMT| 25 5
3 FacundoAcevedo-Algo3Tp2 |2013-05-22 21:13:56| 172 |Mon, 08 Jul 2013 04:21:19 GMT| 24 4
3 FacundoAcevedo-Algo3Tp2 |2013-05-22 21:13:56| 173 |Mon, 08 Jul 2013 04:15:30 GMT| 5 0
3 FacundoAcevedo-Algo3Tp2 |2013-05-22 21:13:56| 174 |Sun, 07 Jul 2013 21:14:39 GMT| 7 5
3 FacundoAcevedo-Algo3Tp2 |2013-05-22 21:13:56| 175 |Sun, 07 Jul 2013 20:15:31 GMT| 2 3
3 FacundoAcevedo-Algo3Tp2 |2013-05-22 21:13:56| 176 |Sun, 07 Jul 2013 20:14:46 GMT| 1 1
3 FacundoAcevedo-Algo3Tp2 |2013-05-22 21:13:56| 177 |Sun, 07 Jul 2013 20:13:09 GMT| 4 0
3 FacundoAcevedo-Algo3Tp2 |2013-05-22 21:13:56| 178 |Sun, 07 Jul 2013 20:12:36 GMT| 8 8
3 FacundoAcevedo-Algo3Tp2 |2013-05-22 21:13:56| 179 |Sun, 07 Jul 2013 20:12:05 GMT| 61 0
3 FacundoAcevedo-Algo3Tp2 |2013-05-22 21:13:56| 180 |Sun, 07 Jul 2013 03:59:08 GMT| 3 0
3 FacundoAcevedo-Algo3Tp2 |2013-05-22 21:13:56| 181 |Sun, 07 Jul 2013 02:02:27 GMT| 15 8
3 FacundoAcevedo-Algo3Tp2 |2013-05-22 21:13:56| 182 |Sun, 07 Jul 2013 01:52:27 GMT| 4 2
3 FacundoAcevedo-Algo3Tp2 |2013-05-22 21:13:56| 183 |Sun, 07 Jul 2013 01:38:18 GMT| 10 19
3 FacundoAcevedo-Algo3Tp2 |2013-05-22 21:13:56| 184 |Sun, 07 Jul 2013 01:08:53 GMT| 5 6
3 FacundoAcevedo-Algo3Tp2 |2013-05-22 21:13:56| 185 |Sun, 07 Jul 2013 00:52:29 GMT| 19 400
3 FacundoAcevedo-Algo3Tp2 |2013-05-22 21:13:56| 186 |Sun, 07 Jul 2013 00:44:22 GMT| 6 6
3 FacundoAcevedo-Algo3Tp2 |2013-05-22 21:13:56| 187 |Sun, 07 Jul 2013 00:44:09 GMT| 6 31
3 FacundoAcevedo-Algo3Tp2 |2013-05-22 21:13:56| 188 |Sun, 07 Jul 2013 00:31:39 GMT| 3 2
3 FacundoAcevedo-Algo3Tp2 |2013-05-22 21:13:56| 189 |Sun, 07 Jul 2013 00:29:10 GMT| 76 7
3 FacundoAcevedo-Algo3Tp2 |2013-05-22 21:13:56| 190 |Sun, 07 Jul 2013 00:29:04 GMT| 19 400
3 FacundoAcevedo-Algo3Tp2 |2013-05-22 21:13:56| 191 |Sat, 06 Jul 2013 23:51:51 GMT| 32 20
3 FacundoAcevedo-Algo3Tp2 |2013-05-22 21:13:56| 192 |Sat, 06 Jul 2013 23:51:44 GMT| 0 1
3 FacundoAcevedo-Algo3Tp2 |2013-05-22 21:13:56| 193 |Sat, 06 Jul 2013 23:51:27 GMT| 69 0
3 FacundoAcevedo-Algo3Tp2 |2013-05-22 21:13:56| 194 |Sat, 06 Jul 2013 23:51:06 GMT| 1 1
3 FacundoAcevedo-Algo3Tp2 |2013-05-22 21:13:56| 195 |Sat, 06 Jul 2013 23:50:44 GMT| 6 5
3 FacundoAcevedo-Algo3Tp2 |2013-05-22 21:13:56| 196 |Sat, 06 Jul 2013 23:48:09 GMT| 32 20
3 FacundoAcevedo-Algo3Tp2 |2013-05-22 21:13:56| 197 |Sat, 06 Jul 2013 22:23:49 GMT| 1 1
3 FacundoAcevedo-Algo3Tp2 |2013-05-22 21:13:56| 198 |Sat, 06 Jul 2013 22:15:00 GMT| 7 4
3 FacundoAcevedo-Algo3Tp2 |2013-05-22 21:13:56| 199 |Sat, 06 Jul 2013 22:12:12 GMT| 43 23
3 FacundoAcevedo-Algo3Tp2 |2013-05-22 21:13:56| 200 |Sat, 06 Jul 2013 22:12:01 GMT| 7 4
3 FacundoAcevedo-Algo3Tp2 |2013-05-22 21:13:56| 201 |Sat, 06 Jul 2013 22:05:15 GMT| 14 0
3 FacundoAcevedo-Algo3Tp2 |2013-05-22 21:13:56| 202 |Sat, 06 Jul 2013 22:00:26 GMT| 21 2
3 FacundoAcevedo-Algo3Tp2 |2013-05-22 21:13:56| 203 |Sat, 06 Jul 2013 20:56:03 GMT| 19 17
3 FacundoAcevedo-Algo3Tp2 |2013-05-22 21:13:56| 204 |Sat, 06 Jul 2013 19:26:01 GMT| 0 1
3 FacundoAcevedo-Algo3Tp2 |2013-05-22 21:13:56| 205 |Sat, 06 Jul 2013 19:04:43 GMT| 0 0
3 FacundoAcevedo-Algo3Tp2 |2013-05-22 21:13:56| 206 |Sat, 06 Jul 2013 17:32:20 GMT| 0 0
3 FacundoAcevedo-Algo3Tp2 |2013-05-22 21:13:56| 207 |Sat, 06 Jul 2013 17:30:52 GMT| 1 1
3 FacundoAcevedo-Algo3Tp2 |2013-05-22 21:13:56| 208 |Sat, 06 Jul 2013 16:02:48 GMT| 2 2
3 FacundoAcevedo-Algo3Tp2 |2013-05-22 21:13:56| 209 |Sat, 06 Jul 2013 11:21:01 GMT| 163 0
3 FacundoAcevedo-Algo3Tp2 |2013-05-22 21:13:56| 210 |Sat, 06 Jul 2013 11:20:40 GMT| 2 2
3 FacundoAcevedo-Algo3Tp2 |2013-05-22 21:13:56| 211 |Fri, 05 Jul 2013 20:51:28 GMT| 3 3
3 FacundoAcevedo-Algo3Tp2 |2013-05-22 21:13:56| 212 |Fri, 05 Jul 2013 20:40:32 GMT| 15 2
3 FacundoAcevedo-Algo3Tp2 |2013-05-22 21:13:56| 213 |Fri, 05 Jul 2013 20:14:55 GMT| 17 22
3 FacundoAcevedo-Algo3Tp2 |2013-05-22 21:13:56| 214 |Fri, 05 Jul 2013 20:14:06 GMT| 4 5
3 FacundoAcevedo-Algo3Tp2 |2013-05-22 21:13:56| 215 |Fri, 05 Jul 2013 20:10:41 GMT| 18 0
3 FacundoAcevedo-Algo3Tp2 |2013-05-22 21:13:56| 216 |Fri, 05 Jul 2013 20:09:30 GMT| 8 3
3 FacundoAcevedo-Algo3Tp2 |2013-05-22 21:13:56| 217 |Fri, 05 Jul 2013 20:08:42 GMT| 4 1
3 FacundoAcevedo-Algo3Tp2 |2013-05-22 21:13:56| 218 |Fri, 05 Jul 2013 19:18:08 GMT| 387 278
3 FacundoAcevedo-Algo3Tp2 |2013-05-22 21:13:56| 219 |Fri, 05 Jul 2013 19:17:55 GMT| 11 12
3 FacundoAcevedo-Algo3Tp2 |2013-05-22 21:13:56| 220 |Fri, 05 Jul 2013 19:17:23 GMT| 6 10
3 FacundoAcevedo-Algo3Tp2 |2013-05-22 21:13:56| 221 |Fri, 05 Jul 2013 19:10:56 GMT| 387 278
3 FacundoAcevedo-Algo3Tp2 |2013-05-22 21:13:56| 222 |Fri, 05 Jul 2013 05:03:44 GMT| 0 20
3 FacundoAcevedo-Algo3Tp2 |2013-05-22 21:13:56| 223 |Fri, 05 Jul 2013 05:02:56 GMT| 0 5
3 FacundoAcevedo-Algo3Tp2 |2013-05-22 21:13:56| 224 |Fri, 05 Jul 2013 04:54:58 GMT| 29 30
3 FacundoAcevedo-Algo3Tp2 |2013-05-22 21:13:56| 225 |Fri, 05 Jul 2013 04:53:36 GMT| 0 2
3 FacundoAcevedo-Algo3Tp2 |2013-05-22 21:13:56| 226 |Fri, 05 Jul 2013 04:44:19 GMT| 49 5
3 FacundoAcevedo-Algo3Tp2 |2013-05-22 21:13:56| 227 |Fri, 05 Jul 2013 04:43:32 GMT| 59 8
3 FacundoAcevedo-Algo3Tp2 |2013-05-22 21:13:56| 228 |Fri, 05 Jul 2013 04:42:32 GMT| 4 2
3 FacundoAcevedo-Algo3Tp2 |2013-05-22 21:13:56| 229 |Fri, 05 Jul 2013 01:47:46 GMT| 103 102
3 FacundoAcevedo-Algo3Tp2 |2013-05-22 21:13:56| 230 |Fri, 05 Jul 2013 00:12:56 GMT| 1 1
3 FacundoAcevedo-Algo3Tp2 |2013-05-22 21:13:56| 231 |Fri, 05 Jul 2013 00:10:16 GMT| 2 1
3 FacundoAcevedo-Algo3Tp2 |2013-05-22 21:13:56| 232 |Fri, 05 Jul 2013 00:07:59 GMT| 34 0
3 FacundoAcevedo-Algo3Tp2 |2013-05-22 21:13:56| 233 |Thu, 04 Jul 2013 23:57:52 GMT| 3 2
3 FacundoAcevedo-Algo3Tp2 |2013-05-22 21:13:56| 234 |Thu, 04 Jul 2013 23:51:26 GMT| 13 12
3 FacundoAcevedo-Algo3Tp2 |2013-05-22 21:13:56| 235 |Thu, 04 Jul 2013 23:50:57 GMT| 5 4
3 FacundoAcevedo-Algo3Tp2 |2013-05-22 21:13:56| 236 |Thu, 04 Jul 2013 23:50:25 GMT| 20 18
3 FacundoAcevedo-Algo3Tp2 |2013-05-22 21:13:56| 237 |Thu, 04 Jul 2013 23:49:46 GMT| 4 1
3 FacundoAcevedo-Algo3Tp2 |2013-05-22 21:13:56| 238 |Thu, 04 Jul 2013 23:49:28 GMT| 2 9
3 FacundoAcevedo-Algo3Tp2 |2013-05-22 21:13:56| 239 |Thu, 04 Jul 2013 23:49:07 GMT| 27 0
3 FacundoAcevedo-Algo3Tp2 |2013-05-22 21:13:56| 240 |Thu, 04 Jul 2013 23:32:44 GMT| 21 5
3 FacundoAcevedo-Algo3Tp2 |2013-05-22 21:13:56| 241 |Thu, 04 Jul 2013 23:30:37 GMT| 2 2
3 FacundoAcevedo-Algo3Tp2 |2013-05-22 21:13:56| 242 |Sun, 30 Jun 2013 22:10:21 GMT| 42 2
3 FacundoAcevedo-Algo3Tp2 |2013-05-22 21:13:56| 243 |Sat, 29 Jun 2013 21:00:09 GMT| 0 0
3 FacundoAcevedo-Algo3Tp2 |2013-05-22 21:13:56| 244 |Sat, 29 Jun 2013 20:59:44 GMT| 13 1
3 FacundoAcevedo-Algo3Tp2 |2013-05-22 21:13:56| 245 |Sat, 29 Jun 2013 20:58:46 GMT| 27 0
3 FacundoAcevedo-Algo3Tp2 |2013-05-22 21:13:56| 246 |Sat, 29 Jun 2013 17:23:43 GMT| 38 38
3 FacundoAcevedo-Algo3Tp2 |2013-05-22 21:13:56| 247 |Sat, 29 Jun 2013 17:23:28 GMT| 5 2
3 FacundoAcevedo-Algo3Tp2 |2013-05-22 21:13:56| 248 |Fri, 28 Jun 2013 18:42:12 GMT| 0 0
3 FacundoAcevedo-Algo3Tp2 |2013-05-22 21:13:56| 249 |Fri, 28 Jun 2013 18:38:34 GMT| 353 63
3 FacundoAcevedo-Algo3Tp2 |2013-05-22 21:13:56| 250 |Thu, 27 Jun 2013 02:02:55 GMT| 7 103
3 FacundoAcevedo-Algo3Tp2 |2013-05-22 21:13:56| 251 |Thu, 27 Jun 2013 00:57:04 GMT| 1 0
3 FacundoAcevedo-Algo3Tp2 |2013-05-22 21:13:56| 252 |Thu, 27 Jun 2013 00:40:42 GMT| 2 25
3 FacundoAcevedo-Algo3Tp2 |2013-05-22 21:13:56| 253 |Thu, 27 Jun 2013 00:00:42 GMT| 149 148
3 FacundoAcevedo-Algo3Tp2 |2013-05-22 21:13:56| 254 |Mon, 17 Jun 2013 23:44:46 GMT| 0 0
3 FacundoAcevedo-Algo3Tp2 |2013-05-22 21:13:56| 255 |Sun, 16 Jun 2013 23:42:35 GMT| 83 0
3 FacundoAcevedo-Algo3Tp2 |2013-05-22 21:13:56| 256 |Sun, 16 Jun 2013 23:41:54 GMT| 215 1
3 FacundoAcevedo-Algo3Tp2 |2013-05-22 21:13:56| 257 |Sat, 15 Jun 2013 16:44:02 GMT| 1 1
3 FacundoAcevedo-Algo3Tp2 |2013-05-22 21:13:56| 258 |Sat, 15 Jun 2013 16:43:37 GMT| 22 0
3 FacundoAcevedo-Algo3Tp2 |2013-05-22 21:13:56| 259 |Mon, 10 Jun 2013 19:34:14 GMT| 23 1
3 FacundoAcevedo-Algo3Tp2 |2013-05-22 21:13:56| 260 |Mon, 10 Jun 2013 02:48:12 GMT| 81 44
3 FacundoAcevedo-Algo3Tp2 |2013-05-22 21:13:56| 261 |Mon, 10 Jun 2013 01:44:25 GMT| 1 1
3 FacundoAcevedo-Algo3Tp2 |2013-05-22 21:13:56| 262 |Mon, 10 Jun 2013 01:42:45 GMT| 1 1
3 FacundoAcevedo-Algo3Tp2 |2013-05-22 21:13:56| 263 |Mon, 10 Jun 2013 01:39:33 GMT| 25 18
3 FacundoAcevedo-Algo3Tp2 |2013-05-22 21:13:56| 264 |Mon, 10 Jun 2013 01:38:27 GMT| 1 1
3 FacundoAcevedo-Algo3Tp2 |2013-05-22 21:13:56| 265 |Mon, 10 Jun 2013 01:04:36 GMT| 144 66
3 FacundoAcevedo-Algo3Tp2 |2013-05-22 21:13:56| 266 |Sun, 09 Jun 2013 17:24:37 GMT| 22 3
3 FacundoAcevedo-Algo3Tp2 |2013-05-22 21:13:56| 267 |Sun, 09 Jun 2013 20:54:57 GMT| 22 3
3 FacundoAcevedo-Algo3Tp2 |2013-05-22 21:13:56| 268 |Sun, 09 Jun 2013 17:18:16 GMT| 1 1
3 FacundoAcevedo-Algo3Tp2 |2013-05-22 21:13:56| 269 |Sun, 09 Jun 2013 17:17:20 GMT| 2 5
3 FacundoAcevedo-Algo3Tp2 |2013-05-22 21:13:56| 270 |Sun, 09 Jun 2013 17:17:04 GMT| 112 25
3 FacundoAcevedo-Algo3Tp2 |2013-05-22 21:13:56| 271 |Sat, 08 Jun 2013 23:28:22 GMT| 8 15
3 FacundoAcevedo-Algo3Tp2 |2013-05-22 21:13:56| 272 |Sat, 08 Jun 2013 22:59:04 GMT| 237 1
3 FacundoAcevedo-Algo3Tp2 |2013-05-22 21:13:56| 273 |Sat, 08 Jun 2013 22:58:39 GMT| 2 10
3 FacundoAcevedo-Algo3Tp2 |2013-05-22 21:13:56| 274 |Sat, 08 Jun 2013 22:39:45 GMT| 17 12
3 FacundoAcevedo-Algo3Tp2 |2013-05-22 21:13:56| 275 |Sat, 08 Jun 2013 21:08:11 GMT| 8 6
3 FacundoAcevedo-Algo3Tp2 |2013-05-22 21:13:56| 276 |Sat, 08 Jun 2013 20:26:12 GMT| 2 1
3 FacundoAcevedo-Algo3Tp2 |2013-05-22 21:13:56| 277 |Sat, 08 Jun 2013 20:07:11 GMT| 52 23
3 FacundoAcevedo-Algo3Tp2 |2013-05-22 21:13:56| 278 |Sat, 08 Jun 2013 18:01:23 GMT| 112 31
3 FacundoAcevedo-Algo3Tp2 |2013-05-22 21:13:56| 279 |Sat, 08 Jun 2013 18:00:48 GMT| 3 0
3 FacundoAcevedo-Algo3Tp2 |2013-05-22 21:13:56| 280 |Sat, 08 Jun 2013 17:51:55 GMT| 1 2
3 FacundoAcevedo-Algo3Tp2 |2013-05-22 21:13:56| 281 |Sat, 08 Jun 2013 17:38:03 GMT| 3 0
3 FacundoAcevedo-Algo3Tp2 |2013-05-22 21:13:56| 282 |Sat, 08 Jun 2013 16:26:01 GMT| 4 0
3 FacundoAcevedo-Algo3Tp2 |2013-05-22 21:13:56| 283 |Sat, 08 Jun 2013 16:17:43 GMT| 2 2
3 FacundoAcevedo-Algo3Tp2 |2013-05-22 21:13:56| 284 |Sat, 08 Jun 2013 16:12:36 GMT| 33 13
3 FacundoAcevedo-Algo3Tp2 |2013-05-22 21:13:56| 285 |Sat, 08 Jun 2013 15:18:06 GMT| 3 3
3 FacundoAcevedo-Algo3Tp2 |2013-05-22 21:13:56| 286 |Sat, 08 Jun 2013 14:54:56 GMT| 22 2
3 FacundoAcevedo-Algo3Tp2 |2013-05-22 21:13:56| 287 |Sat, 08 Jun 2013 14:45:29 GMT| 9 83
3 FacundoAcevedo-Algo3Tp2 |2013-05-22 21:13:56| 288 |Sat, 08 Jun 2013 14:25:43 GMT| 88 23
3 FacundoAcevedo-Algo3Tp2 |2013-05-22 21:13:56| 289 |Sat, 08 Jun 2013 14:24:51 GMT| 155 94
3 FacundoAcevedo-Algo3Tp2 |2013-05-22 21:13:56| 290 |Sat, 08 Jun 2013 14:23:43 GMT| 2 2
3 FacundoAcevedo-Algo3Tp2 |2013-05-22 21:13:56| 291 |Sat, 08 Jun 2013 13:28:20 GMT| 3 3
3 FacundoAcevedo-Algo3Tp2 |2013-05-22 21:13:56| 292 |Sat, 08 Jun 2013 11:32:06 GMT| 15 8
3 FacundoAcevedo-Algo3Tp2 |2013-05-22 21:13:56| 293 |Sat, 08 Jun 2013 11:17:12 GMT| 1 8
3 FacundoAcevedo-Algo3Tp2 |2013-05-22 21:13:56| 294 |Sat, 08 Jun 2013 10:46:45 GMT| 69 179
3 FacundoAcevedo-Algo3Tp2 |2013-05-22 21:13:56| 295 |Sat, 08 Jun 2013 10:46:01 GMT| 19 10
3 FacundoAcevedo-Algo3Tp2 |2013-05-22 21:13:56| 296 |Sat, 08 Jun 2013 10:45:02 GMT| 12 3
3 FacundoAcevedo-Algo3Tp2 |2013-05-22 21:13:56| 297 |Sat, 08 Jun 2013 10:37:36 GMT| 12 5
3 FacundoAcevedo-Algo3Tp2 |2013-05-22 21:13:56| 298 |Sat, 08 Jun 2013 10:36:31 GMT| 20 0
3 FacundoAcevedo-Algo3Tp2 |2013-05-22 21:13:56| 299 |Fri, 07 Jun 2013 18:19:33 GMT| 52 40
3 FacundoAcevedo-Algo3Tp2 |2013-05-22 21:13:56| 300 |Fri, 07 Jun 2013 17:47:11 GMT| 10 1
3 FacundoAcevedo-Algo3Tp2 |2013-05-22 21:13:56| 301 |Fri, 07 Jun 2013 17:44:21 GMT| 3 0
3 FacundoAcevedo-Algo3Tp2 |2013-05-22 21:13:56| 302 |Fri, 07 Jun 2013 17:42:27 GMT| 4 4
3 FacundoAcevedo-Algo3Tp2 |2013-05-22 21:13:56| 303 |Fri, 07 Jun 2013 17:42:05 GMT| 6 0
3 FacundoAcevedo-Algo3Tp2 |2013-05-22 21:13:56| 304 |Fri, 07 Jun 2013 17:34:18 GMT| 16 1
3 FacundoAcevedo-Algo3Tp2 |2013-05-22 21:13:56| 305 |Fri, 07 Jun 2013 17:24:57 GMT| 200 206
3 FacundoAcevedo-Algo3Tp2 |2013-05-22 21:13:56| 306 |Thu, 06 Jun 2013 20:31:50 GMT| 0 0
3 FacundoAcevedo-Algo3Tp2 |2013-05-22 21:13:56| 307 |Thu, 06 Jun 2013 18:09:09 GMT| 58 0
3 FacundoAcevedo-Algo3Tp2 |2013-05-22 21:13:56| 308 |Thu, 06 Jun 2013 18:00:56 GMT| 13 7
3 FacundoAcevedo-Algo3Tp2 |2013-05-22 21:13:56| 309 |Thu, 06 Jun 2013 17:49:50 GMT| 7 7
3 FacundoAcevedo-Algo3Tp2 |2013-05-22 21:13:56| 310 |Thu, 06 Jun 2013 12:32:54 GMT| 50 19
3 FacundoAcevedo-Algo3Tp2 |2013-05-22 21:13:56| 311 |Thu, 06 Jun 2013 12:29:57 GMT| 2 2
3 FacundoAcevedo-Algo3Tp2 |2013-05-22 21:13:56| 312 |Wed, 05 Jun 2013 19:40:01 GMT| 2 1
3 FacundoAcevedo-Algo3Tp2 |2013-05-22 21:13:56| 313 |Wed, 05 Jun 2013 19:27:46 GMT| 7 7
3 FacundoAcevedo-Algo3Tp2 |2013-05-22 21:13:56| 314 |Wed, 05 Jun 2013 06:06:18 GMT| 5 0
3 FacundoAcevedo-Algo3Tp2 |2013-05-22 21:13:56| 315 |Tue, 04 Jun 2013 22:02:21 GMT| 10 9
3 FacundoAcevedo-Algo3Tp2 |2013-05-22 21:13:56| 316 |Tue, 04 Jun 2013 22:01:50 GMT| 1 0
3 FacundoAcevedo-Algo3Tp2 |2013-05-22 21:13:56| 317 |Tue, 04 Jun 2013 21:43:59 GMT| 14 3
3 FacundoAcevedo-Algo3Tp2 |2013-05-22 21:13:56| 318 |Tue, 04 Jun 2013 21:43:47 GMT| 11 0
3 FacundoAcevedo-Algo3Tp2 |2013-05-22 21:13:56| 319 |Tue, 04 Jun 2013 21:04:24 GMT| 14 3
3 FacundoAcevedo-Algo3Tp2 |2013-05-22 21:13:56| 320 |Tue, 04 Jun 2013 20:58:05 GMT| 11 9
3 FacundoAcevedo-Algo3Tp2 |2013-05-22 21:13:56| 321 |Tue, 04 Jun 2013 19:26:40 GMT| 1 1
3 FacundoAcevedo-Algo3Tp2 |2013-05-22 21:13:56| 322 |Tue, 04 Jun 2013 19:26:17 GMT| 1 6
3 FacundoAcevedo-Algo3Tp2 |2013-05-22 21:13:56| 323 |Tue, 04 Jun 2013 19:26:03 GMT| 28 16
3 FacundoAcevedo-Algo3Tp2 |2013-05-22 21:13:56| 324 |Tue, 04 Jun 2013 18:32:00 GMT| 70 123
3 FacundoAcevedo-Algo3Tp2 |2013-05-22 21:13:56| 325 |Tue, 04 Jun 2013 08:47:23 GMT| 39 5
3 FacundoAcevedo-Algo3Tp2 |2013-05-22 21:13:56| 326 |Tue, 04 Jun 2013 08:40:39 GMT| 11 10
3 FacundoAcevedo-Algo3Tp2 |2013-05-22 21:13:56| 327 |Tue, 04 Jun 2013 08:40:03 GMT| 2 1
3 FacundoAcevedo-Algo3Tp2 |2013-05-22 21:13:56| 328 |Mon, 03 Jun 2013 07:42:17 GMT| 9 4
3 FacundoAcevedo-Algo3Tp2 |2013-05-22 21:13:56| 329 |Mon, 03 Jun 2013 07:35:48 GMT| 6 6
3 FacundoAcevedo-Algo3Tp2 |2013-05-22 21:13:56| 330 |Mon, 03 Jun 2013 07:01:57 GMT| 17 13
3 FacundoAcevedo-Algo3Tp2 |2013-05-22 21:13:56| 331 |Mon, 03 Jun 2013 06:47:59 GMT| 40 18
3 FacundoAcevedo-Algo3Tp2 |2013-05-22 21:13:56| 332 |Mon, 03 Jun 2013 06:43:49 GMT| 10 4
3 FacundoAcevedo-Algo3Tp2 |2013-05-22 21:13:56| 333 |Mon, 03 Jun 2013 06:41:42 GMT| 12 1
3 FacundoAcevedo-Algo3Tp2 |2013-05-22 21:13:56| 334 |Mon, 03 Jun 2013 06:41:15 GMT| 6 5
3 FacundoAcevedo-Algo3Tp2 |2013-05-22 21:13:56| 335 |Mon, 03 Jun 2013 06:22:12 GMT| 15 7
3 FacundoAcevedo-Algo3Tp2 |2013-05-22 21:13:56| 336 |Mon, 03 Jun 2013 06:21:19 GMT| 9 2
3 FacundoAcevedo-Algo3Tp2 |2013-05-22 21:13:56| 337 |Mon, 03 Jun 2013 06:21:02 GMT| 10 3
3 FacundoAcevedo-Algo3Tp2 |2013-05-22 21:13:56| 338 |Mon, 03 Jun 2013 05:43:58 GMT| 6 6
3 FacundoAcevedo-Algo3Tp2 |2013-05-22 21:13:56| 339 |Sun, 02 Jun 2013 02:08:15 GMT| 68 3
3 FacundoAcevedo-Algo3Tp2 |2013-05-22 21:13:56| 340 |Sun, 02 Jun 2013 02:05:35 GMT| 9 1
3 FacundoAcevedo-Algo3Tp2 |2013-05-22 21:13:56| 341 |Sun, 02 Jun 2013 01:02:10 GMT| 4 0
3 FacundoAcevedo-Algo3Tp2 |2013-05-22 21:13:56| 342 |Sun, 02 Jun 2013 01:01:17 GMT| 83 15
3 FacundoAcevedo-Algo3Tp2 |2013-05-22 21:13:56| 343 |Sat, 01 Jun 2013 00:05:49 GMT| 294 283
3 FacundoAcevedo-Algo3Tp2 |2013-05-22 21:13:56| 344 |Fri, 31 May 2013 23:43:30 GMT| 59 55
3 FacundoAcevedo-Algo3Tp2 |2013-05-22 21:13:56| 345 |Fri, 31 May 2013 23:42:28 GMT| 26 0
3 FacundoAcevedo-Algo3Tp2 |2013-05-22 21:13:56| 346 |Fri, 31 May 2013 23:17:20 GMT| 3 3
3 FacundoAcevedo-Algo3Tp2 |2013-05-22 21:13:56| 347 |Fri, 31 May 2013 22:48:30 GMT| 0 0
3 FacundoAcevedo-Algo3Tp2 |2013-05-22 21:13:56| 348 |Thu, 30 May 2013 09:17:40 GMT| 4 4
3 FacundoAcevedo-Algo3Tp2 |2013-05-22 21:13:56| 349 |Thu, 30 May 2013 08:56:26 GMT| 31 1
3 FacundoAcevedo-Algo3Tp2 |2013-05-22 21:13:56| 350 |Thu, 30 May 2013 08:55:50 GMT| 30 1
3 FacundoAcevedo-Algo3Tp2 |2013-05-22 21:13:56| 351 |Thu, 30 May 2013 07:02:49 GMT| 6 6
3 FacundoAcevedo-Algo3Tp2 |2013-05-22 21:13:56| 352 |Thu, 30 May 2013 07:02:19 GMT| 18 0
3 FacundoAcevedo-Algo3Tp2 |2013-05-22 21:13:56| 353 |Thu, 30 May 2013 06:38:35 GMT| 17 3
3 FacundoAcevedo-Algo3Tp2 |2013-05-22 21:13:56| 354 |Thu, 30 May 2013 05:59:54 GMT| 6 0
3 FacundoAcevedo-Algo3Tp2 |2013-05-22 21:13:56| 355 |Thu, 30 May 2013 05:54:14 GMT| 4 0
3 FacundoAcevedo-Algo3Tp2 |2013-05-22 21:13:56| 356 |Thu, 30 May 2013 05:52:49 GMT| 18 1
3 FacundoAcevedo-Algo3Tp2 |2013-05-22 21:13:56| 357 |Thu, 30 May 2013 05:51:54 GMT| 4 0
3 FacundoAcevedo-Algo3Tp2 |2013-05-22 21:13:56| 358 |Wed, 29 May 2013 23:16:10 GMT| 123 53
3 FacundoAcevedo-Algo3Tp2 |2013-05-22 21:13:56| 359 |Wed, 29 May 2013 22:04:21 GMT| 18 2
3 FacundoAcevedo-Algo3Tp2 |2013-05-22 21:13:56| 360 |Wed, 29 May 2013 21:23:23 GMT| 5 4
3 FacundoAcevedo-Algo3Tp2 |2013-05-22 21:13:56| 361 |Wed, 29 May 2013 21:22:27 GMT| 7 4
3 FacundoAcevedo-Algo3Tp2 |2013-05-22 21:13:56| 362 |Tue, 28 May 2013 16:16:23 GMT| 601 39
3 FacundoAcevedo-Algo3Tp2 |2013-05-22 21:13:56| 363 |Tue, 28 May 2013 15:09:22 GMT| 1 0
3 FacundoAcevedo-Algo3Tp2 |2013-05-22 21:13:56| 364 |Tue, 28 May 2013 06:28:05 GMT| 130 0
3 FacundoAcevedo-Algo3Tp2 |2013-05-22 21:13:56| 365 |Tue, 28 May 2013 03:40:47 GMT| 11 11
3 FacundoAcevedo-Algo3Tp2 |2013-05-22 21:13:56| 366 |Tue, 28 May 2013 03:39:17 GMT| 91 0
3 FacundoAcevedo-Algo3Tp2 |2013-05-22 21:13:56| 367 |Tue, 28 May 2013 03:38:48 GMT| 6 2
3 FacundoAcevedo-Algo3Tp2 |2013-05-22 21:13:56| 368 |Tue, 28 May 2013 03:37:08 GMT| 1 1
3 FacundoAcevedo-Algo3Tp2 |2013-05-22 21:13:56| 369 |Tue, 28 May 2013 03:36:22 GMT| 1 0
3 FacundoAcevedo-Algo3Tp2 |2013-05-22 21:13:56| 370 |Tue, 28 May 2013 03:06:49 GMT| 91 0
3 FacundoAcevedo-Algo3Tp2 |2013-05-22 21:13:56| 371 |Tue, 28 May 2013 03:03:49 GMT| 2 2
3 FacundoAcevedo-Algo3Tp2 |2013-05-22 21:13:56| 372 |Tue, 28 May 2013 03:03:10 GMT| 12 9
3 FacundoAcevedo-Algo3Tp2 |2013-05-22 21:13:56| 373 |Tue, 28 May 2013 03:02:38 GMT| 92 0
3 FacundoAcevedo-Algo3Tp2 |2013-05-22 21:13:56| 374 |Tue, 28 May 2013 03:02:18 GMT| 2 1
3 FacundoAcevedo-Algo3Tp2 |2013-05-22 21:13:56| 375 |Tue, 28 May 2013 02:41:48 GMT| 96 0
3 FacundoAcevedo-Algo3Tp2 |2013-05-22 21:13:56| 376 |Tue, 28 May 2013 02:24:26 GMT| 43 11
3 FacundoAcevedo-Algo3Tp2 |2013-05-22 21:13:56| 377 |Tue, 28 May 2013 01:20:26 GMT| 147 0
3 FacundoAcevedo-Algo3Tp2 |2013-05-22 21:13:56| 378 |Tue, 28 May 2013 01:19:31 GMT| 2 2
3 FacundoAcevedo-Algo3Tp2 |2013-05-22 21:13:56| 379 |Tue, 28 May 2013 01:19:15 GMT| 2 2
3 FacundoAcevedo-Algo3Tp2 |2013-05-22 21:13:56| 380 |Tue, 28 May 2013 00:32:23 GMT| 7 7
3 FacundoAcevedo-Algo3Tp2 |2013-05-22 21:13:56| 381 |Tue, 28 May 2013 00:31:14 GMT| 1 1
3 FacundoAcevedo-Algo3Tp2 |2013-05-22 21:13:56| 382 |Tue, 28 May 2013 00:30:48 GMT| 1 1
3 FacundoAcevedo-Algo3Tp2 |2013-05-22 21:13:56| 383 |Tue, 28 May 2013 00:09:31 GMT| 2 2
3 FacundoAcevedo-Algo3Tp2 |2013-05-22 21:13:56| 384 |Mon, 27 May 2013 23:46:11 GMT| 4 0
3 FacundoAcevedo-Algo3Tp2 |2013-05-22 21:13:56| 385 |Mon, 27 May 2013 00:42:44 GMT| 0 0
3 FacundoAcevedo-Algo3Tp2 |2013-05-22 21:13:56| 386 |Sun, 26 May 2013 21:37:44 GMT| 45 1
3 FacundoAcevedo-Algo3Tp2 |2013-05-22 21:13:56| 387 |Sun, 26 May 2013 21:37:30 GMT| 0 0
3 FacundoAcevedo-Algo3Tp2 |2013-05-22 21:13:56| 388 |Sun, 26 May 2013 21:32:25 GMT| 0 0
3 FacundoAcevedo-Algo3Tp2 |2013-05-22 21:13:56| 389 |Sun, 26 May 2013 21:32:08 GMT| 1 1
3 FacundoAcevedo-Algo3Tp2 |2013-05-22 21:13:56| 390 |Sun, 26 May 2013 21:31:38 GMT| 41 0
3 FacundoAcevedo-Algo3Tp2 |2013-05-22 21:13:56| 391 |Sun, 26 May 2013 21:30:44 GMT| 0 0
3 FacundoAcevedo-Algo3Tp2 |2013-05-22 21:13:56| 392 |Sun, 26 May 2013 21:12:05 GMT| 3 0
3 FacundoAcevedo-Algo3Tp2 |2013-05-22 21:13:56| 393 |Sun, 26 May 2013 20:58:39 GMT| 0 6
3 FacundoAcevedo-Algo3Tp2 |2013-05-22 21:13:56| 394 |Sun, 26 May 2013 20:56:54 GMT| 3 2
3 FacundoAcevedo-Algo3Tp2 |2013-05-22 21:13:56| 395 |Sun, 26 May 2013 20:55:31 GMT| 3 3
3 FacundoAcevedo-Algo3Tp2 |2013-05-22 21:13:56| 396 |Sun, 26 May 2013 20:53:40 GMT| 15 2
3 FacundoAcevedo-Algo3Tp2 |2013-05-22 21:13:56| 397 |Sun, 26 May 2013 20:41:41 GMT| 18 3
3 FacundoAcevedo-Algo3Tp2 |2013-05-22 21:13:56| 398 |Sun, 26 May 2013 20:33:14 GMT| 14 8
3 FacundoAcevedo-Algo3Tp2 |2013-05-22 21:13:56| 399 |Sun, 26 May 2013 20:27:22 GMT| 178 16
3 FacundoAcevedo-Algo3Tp2 |2013-05-22 21:13:56| 400 |Sun, 26 May 2013 20:26:04 GMT| 20 4
3 FacundoAcevedo-Algo3Tp2 |2013-05-22 21:13:56| 401 |Sun, 26 May 2013 20:09:53 GMT| 1 1
3 FacundoAcevedo-Algo3Tp2 |2013-05-22 21:13:56| 402 |Sun, 26 May 2013 20:07:49 GMT| 157 11
3 FacundoAcevedo-Algo3Tp2 |2013-05-22 21:13:56| 403 |Sun, 26 May 2013 19:53:01 GMT| 5 4
3 FacundoAcevedo-Algo3Tp2 |2013-05-22 21:13:56| 404 |Sun, 26 May 2013 19:51:19 GMT| 1 1
3 FacundoAcevedo-Algo3Tp2 |2013-05-22 21:13:56| 405 |Sun, 26 May 2013 19:50:58 GMT| 1 1
3 FacundoAcevedo-Algo3Tp2 |2013-05-22 21:13:56| 406 |Sun, 26 May 2013 19:43:45 GMT| 8 0
3 FacundoAcevedo-Algo3Tp2 |2013-05-22 21:13:56| 407 |Sun, 26 May 2013 19:41:46 GMT| 7 0
3 FacundoAcevedo-Algo3Tp2 |2013-05-22 21:13:56| 408 |Sun, 26 May 2013 19:41:17 GMT| 8 1
3 FacundoAcevedo-Algo3Tp2 |2013-05-22 21:13:56| 409 |Sun, 26 May 2013 19:27:24 GMT| 5 4
3 FacundoAcevedo-Algo3Tp2 |2013-05-22 21:13:56| 410 |Sun, 26 May 2013 19:26:44 GMT| 14 0
3 FacundoAcevedo-Algo3Tp2 |2013-05-22 21:13:56| 411 |Sun, 26 May 2013 19:14:09 GMT| 1 1
3 FacundoAcevedo-Algo3Tp2 |2013-05-22 21:13:56| 412 |Sun, 26 May 2013 19:13:16 GMT| 10 6
3 FacundoAcevedo-Algo3Tp2 |2013-05-22 21:13:56| 413 |Sun, 26 May 2013 19:12:22 GMT| 41 9
3 FacundoAcevedo-Algo3Tp2 |2013-05-22 21:13:56| 414 |Sun, 26 May 2013 18:56:27 GMT| 6 0
3 FacundoAcevedo-Algo3Tp2 |2013-05-22 21:13:56| 415 |Sun, 26 May 2013 18:40:23 GMT| 1 0
3 FacundoAcevedo-Algo3Tp2 |2013-05-22 21:13:56| 416 |Sun, 26 May 2013 18:34:41 GMT| 34 3
3 FacundoAcevedo-Algo3Tp2 |2013-05-22 21:13:56| 417 |Sun, 26 May 2013 18:31:45 GMT| 1 4
3 FacundoAcevedo-Algo3Tp2 |2013-05-22 21:13:56| 418 |Sun, 26 May 2013 18:17:53 GMT| 1 0
3 FacundoAcevedo-Algo3Tp2 |2013-05-22 21:13:56| 419 |Sun, 26 May 2013 18:15:50 GMT| 3 2
3 FacundoAcevedo-Algo3Tp2 |2013-05-22 21:13:56| 420 |Sun, 26 May 2013 18:15:07 GMT| 6 0
3 FacundoAcevedo-Algo3Tp2 |2013-05-22 21:13:56| 421 |Sun, 26 May 2013 18:14:28 GMT| 21 0
3 FacundoAcevedo-Algo3Tp2 |2013-05-22 21:13:56| 422 |Sun, 26 May 2013 02:57:57 GMT| 2 2
3 FacundoAcevedo-Algo3Tp2 |2013-05-22 21:13:56| 423 |Sun, 26 May 2013 02:56:13 GMT| 8 0
3 FacundoAcevedo-Algo3Tp2 |2013-05-22 21:13:56| 424 |Sun, 26 May 2013 02:51:23 GMT| 6 0
3 FacundoAcevedo-Algo3Tp2 |2013-05-22 21:13:56| 425 |Sun, 26 May 2013 02:50:24 GMT| 6 0
3 FacundoAcevedo-Algo3Tp2 |2013-05-22 21:13:56| 426 |Sun, 26 May 2013 02:50:05 GMT| 17 0
3 FacundoAcevedo-Algo3Tp2 |2013-05-22 21:13:56| 427 |Sun, 26 May 2013 02:35:53 GMT| 21 0
3 FacundoAcevedo-Algo3Tp2 |2013-05-22 21:13:56| 428 |Sun, 26 May 2013 02:33:10 GMT| 43 13
3 FacundoAcevedo-Algo3Tp2 |2013-05-22 21:13:56| 429 |Sun, 26 May 2013 01:18:32 GMT| 53 6
3 FacundoAcevedo-Algo3Tp2 |2013-05-22 21:13:56| 430 |Sun, 26 May 2013 00:54:50 GMT| 85 12
3 FacundoAcevedo-Algo3Tp2 |2013-05-22 21:13:56| 431 |Sat, 25 May 2013 23:47:30 GMT| 30 0
3 FacundoAcevedo-Algo3Tp2 |2013-05-22 21:13:56| 432 |Sat, 25 May 2013 23:42:17 GMT| 12 10
3 FacundoAcevedo-Algo3Tp2 |2013-05-22 21:13:56| 433 |Sat, 25 May 2013 22:53:07 GMT| 3684 0
3 FacundoAcevedo-Algo3Tp2 |2013-05-22 21:13:56| 434 |Sat, 25 May 2013 22:38:39 GMT| 11 0
3 FacundoAcevedo-Algo3Tp2 |2013-05-22 21:13:56| 435 |Sat, 25 May 2013 22:32:57 GMT| 11 0
3 FacundoAcevedo-Algo3Tp2 |2013-05-22 21:13:56| 436 |Sat, 25 May 2013 22:30:42 GMT| 1 0
3 FacundoAcevedo-Algo3Tp2 |2013-05-22 21:13:56| 437 |Sat, 25 May 2013 22:30:21 GMT| 12 0
3 FacundoAcevedo-Algo3Tp2 |2013-05-22 21:13:56| 438 |Sat, 25 May 2013 22:23:41 GMT| 2 2
3 FacundoAcevedo-Algo3Tp2 |2013-05-22 21:13:56| 439 |Sat, 25 May 2013 22:23:07 GMT| 11 0
3 FacundoAcevedo-Algo3Tp2 |2013-05-22 21:13:56| 440 |Sat, 25 May 2013 22:08:14 GMT| 2 2
3 FacundoAcevedo-Algo3Tp2 |2013-05-22 21:13:56| 441 |Sat, 25 May 2013 22:07:33 GMT| 13 0
3 FacundoAcevedo-Algo3Tp2 |2013-05-22 21:13:56| 442 |Sat, 25 May 2013 21:32:54 GMT| 0 0
3 FacundoAcevedo-Algo3Tp2 |2013-05-22 21:13:56| 443 |Sat, 25 May 2013 21:28:00 GMT| 67 8
3 FacundoAcevedo-Algo3Tp2 |2013-05-22 21:13:56| 444 |Sat, 25 May 2013 20:54:01 GMT| 84 2
3 FacundoAcevedo-Algo3Tp2 |2013-05-22 21:13:56| 445 |Sat, 25 May 2013 19:28:47 GMT| 37 4
3 FacundoAcevedo-Algo3Tp2 |2013-05-22 21:13:56| 446 |Sat, 25 May 2013 19:09:18 GMT| 17 0
3 FacundoAcevedo-Algo3Tp2 |2013-05-22 21:13:56| 447 |Sat, 25 May 2013 19:06:21 GMT| 81 2118
3 FacundoAcevedo-Algo3Tp2 |2013-05-22 21:13:56| 448 |Sat, 25 May 2013 18:28:52 GMT| 10 7
3 FacundoAcevedo-Algo3Tp2 |2013-05-22 21:13:56| 449 |Sat, 25 May 2013 17:06:01 GMT| 38 38
3 FacundoAcevedo-Algo3Tp2 |2013-05-22 21:13:56| 450 |Sat, 25 May 2013 16:40:44 GMT| 97 95
3 FacundoAcevedo-Algo3Tp2 |2013-05-22 21:13:56| 451 |Sat, 25 May 2013 09:43:30 GMT| 79 10
3 FacundoAcevedo-Algo3Tp2 |2013-05-22 21:13:56| 452 |Fri, 24 May 2013 15:39:57 GMT| 0 0
3 FacundoAcevedo-Algo3Tp2 |2013-05-22 21:13:56| 453 |Thu, 23 May 2013 14:31:23 GMT| 2025 9
3 FacundoAcevedo-Algo3Tp2 |2013-05-22 21:13:56| 454 |Thu, 23 May 2013 14:02:51 GMT| 1 0
3 FacundoAcevedo-Algo3Tp2 |2013-05-22 21:13:56| 455 |Thu, 23 May 2013 02:51:42 GMT| 10 5
3 FacundoAcevedo-Algo3Tp2 |2013-05-22 21:13:56| 456 |Thu, 23 May 2013 01:15:11 GMT| 6 0
3 FacundoAcevedo-Algo3Tp2 |2013-05-22 21:13:56| 457 |Wed, 22 May 2013 22:11:53 GMT| 5 0
3 FacundoAcevedo-Algo3Tp2 |2013-05-22 21:13:56| 458 |Wed, 22 May 2013 21:08:41 GMT| 4 0
3 FacundoAcevedo-Algo3Tp2 |2013-05-22 21:13:56| 459 |Wed, 22 May 2013 21:02:43 GMT| 38 0
4 FacundoAcevedo-BattleField-warriors |2017-08-26 19:44:56| 460 |Sun, 03 Sep 2017 23:35:49 GMT| 107 0
4 FacundoAcevedo-BattleField-warriors |2017-08-26 19:44:56| 461 |Sat, 26 Aug 2017 21:03:45 GMT| 1 0
4 FacundoAcevedo-BattleField-warriors |2017-08-26 19:44:56| 462 |Sat, 26 Aug 2017 20:56:58 GMT| 23 0
4 FacundoAcevedo-BattleField-warriors |2017-08-26 19:44:56| 463 |Sat, 26 Aug 2017 20:54:51 GMT| 51 0
4 FacundoAcevedo-BattleField-warriors |2017-08-26 19:44:56| 464 |Sat, 26 Aug 2017 19:46:31 GMT| 1 1
4 FacundoAcevedo-BattleField-warriors |2017-08-26 19:44:56| 465 |Sat, 26 Aug 2017 19:44:56 GMT| 698 0
5 FacundoAcevedo-cola_enlazada |2012-09-12 22:11:21| 466 |Sat, 29 Sep 2012 15:31:33 GMT| 175 797
5 FacundoAcevedo-cola_enlazada |2012-09-12 22:11:21| 467 |Sat, 29 Sep 2012 15:23:10 GMT| 728 0
5 FacundoAcevedo-cola_enlazada |2012-09-12 22:11:21| 468 |Sat, 29 Sep 2012 14:48:23 GMT| 728 0
5 FacundoAcevedo-cola_enlazada |2012-09-12 22:11:21| 469 |Mon, 17 Sep 2012 02:24:35 GMT| 2 0
5 FacundoAcevedo-cola_enlazada |2012-09-12 22:11:21| 470 |Mon, 17 Sep 2012 02:03:11 GMT| 6 2
5 FacundoAcevedo-cola_enlazada |2012-09-12 22:11:21| 471 |Mon, 17 Sep 2012 00:01:30 GMT| 151 81
5 FacundoAcevedo-cola_enlazada |2012-09-12 22:11:21| 472 |Sun, 16 Sep 2012 21:27:40 GMT| 7 4
5 FacundoAcevedo-cola_enlazada |2012-09-12 22:11:21| 473 |Sun, 16 Sep 2012 20:57:41 GMT| 0 7
5 FacundoAcevedo-cola_enlazada |2012-09-12 22:11:21| 474 |Sun, 16 Sep 2012 20:41:46 GMT| 18 10
5 FacundoAcevedo-cola_enlazada |2012-09-12 22:11:21| 475 |Sun, 16 Sep 2012 19:52:22 GMT| 2 1
5 FacundoAcevedo-cola_enlazada |2012-09-12 22:11:21| 476 |Sun, 16 Sep 2012 19:41:10 GMT| 0 24
5 FacundoAcevedo-cola_enlazada |2012-09-12 22:11:21| 477 |Sun, 16 Sep 2012 19:39:51 GMT| 1 1
5 FacundoAcevedo-cola_enlazada |2012-09-12 22:11:21| 478 |Sun, 16 Sep 2012 19:34:15 GMT| 24 0
5 FacundoAcevedo-cola_enlazada |2012-09-12 22:11:21| 479 |Sun, 16 Sep 2012 19:32:13 GMT| 1 1
5 FacundoAcevedo-cola_enlazada |2012-09-12 22:11:21| 480 |Sun, 16 Sep 2012 19:28:35 GMT| 28 10
5 FacundoAcevedo-cola_enlazada |2012-09-12 22:11:21| 481 |Sun, 16 Sep 2012 18:15:24 GMT| 39 0
5 FacundoAcevedo-cola_enlazada |2012-09-12 22:11:21| 482 |Sun, 16 Sep 2012 18:12:32 GMT| 156 0
5 FacundoAcevedo-cola_enlazada |2012-09-12 22:11:21| 483 |Sun, 16 Sep 2012 18:11:32 GMT| 17 16
5 FacundoAcevedo-cola_enlazada |2012-09-12 22:11:21| 484 |Sun, 16 Sep 2012 17:59:38 GMT| 17 16
5 FacundoAcevedo-cola_enlazada |2012-09-12 22:11:21| 485 |Sun, 16 Sep 2012 17:47:36 GMT| 23 11
5 FacundoAcevedo-cola_enlazada |2012-09-12 22:11:21| 486 |Sun, 16 Sep 2012 16:31:01 GMT| 25 23
5 FacundoAcevedo-cola_enlazada |2012-09-12 22:11:21| 487 |Sun, 16 Sep 2012 15:43:53 GMT| 10 0
5 FacundoAcevedo-cola_enlazada |2012-09-12 22:11:21| 488 |Sun, 16 Sep 2012 15:41:40 GMT| 25 23
5 FacundoAcevedo-cola_enlazada |2012-09-12 22:11:21| 489 |Sun, 16 Sep 2012 15:12:04 GMT| 0 0
5 FacundoAcevedo-cola_enlazada |2012-09-12 22:11:21| 490 |Sun, 16 Sep 2012 03:56:30 GMT| 173 0
5 FacundoAcevedo-cola_enlazada |2012-09-12 22:11:21| 491 |Sun, 16 Sep 2012 03:54:20 GMT| 136 60
5 FacundoAcevedo-cola_enlazada |2012-09-12 22:11:21| 492 |Fri, 14 Sep 2012 04:02:41 GMT| 3 2
5 FacundoAcevedo-cola_enlazada |2012-09-12 22:11:21| 493 |Thu, 13 Sep 2012 03:35:12 GMT| 0 0
5 FacundoAcevedo-cola_enlazada |2012-09-12 22:11:21| 494 |Thu, 13 Sep 2012 03:31:34 GMT| 3 3
5 FacundoAcevedo-cola_enlazada |2012-09-12 22:11:21| 495 |Thu, 13 Sep 2012 03:24:12 GMT| 1 1
5 FacundoAcevedo-cola_enlazada |2012-09-12 22:11:21| 496 |Thu, 13 Sep 2012 03:21:52 GMT| 26 5
5 FacundoAcevedo-cola_enlazada |2012-09-12 22:11:21| 497 |Thu, 13 Sep 2012 02:56:51 GMT| 26 8
5 FacundoAcevedo-cola_enlazada |2012-09-12 22:11:21| 498 |Thu, 13 Sep 2012 00:50:08 GMT| 56 20
5 FacundoAcevedo-cola_enlazada |2012-09-12 22:11:21| 499 |Wed, 12 Sep 2012 22:58:39 GMT| 51 0
5 FacundoAcevedo-cola_enlazada |2012-09-12 22:11:21| 500 |Wed, 12 Sep 2012 22:12:43 GMT| 127 0
6 FacundoAcevedo-configuraciones |2012-07-23 01:34:05| 501 |Sat, 29 Jul 2017 17:28:24 GMT| 2 2
6 FacundoAcevedo-configuraciones |2012-07-23 01:34:05| 502 |Mon, 24 Jul 2017 22:23:50 GMT| 2 2
6 FacundoAcevedo-configuraciones |2012-07-23 01:34:05| 503 |Sat, 22 Jul 2017 17:10:44 GMT| 1 1
6 FacundoAcevedo-configuraciones |2012-07-23 01:34:05| 504 |Tue, 18 Jul 2017 22:56:30 GMT| 2 1
6 FacundoAcevedo-configuraciones |2012-07-23 01:34:05| 505 |Mon, 17 Jul 2017 17:39:52 GMT| 1 1
6 FacundoAcevedo-configuraciones |2012-07-23 01:34:05| 506 |Mon, 17 Jul 2017 02:56:20 GMT| 1 1
6 FacundoAcevedo-configuraciones |2012-07-23 01:34:05| 507 |Mon, 17 Jul 2017 02:50:02 GMT| 3 5
6 FacundoAcevedo-configuraciones |2012-07-23 01:34:05| 508 |Mon, 17 Jul 2017 02:49:36 GMT| 2 0
6 FacundoAcevedo-configuraciones |2012-07-23 01:34:05| 509 |Mon, 29 May 2017 12:39:15 GMT| 65 5
6 FacundoAcevedo-configuraciones |2012-07-23 01:34:05| 510 |Mon, 29 May 2017 12:35:05 GMT| 2 1
6 FacundoAcevedo-configuraciones |2012-07-23 01:34:05| 511 |Fri, 07 Apr 2017 13:30:21 GMT| 26 3
6 FacundoAcevedo-configuraciones |2012-07-23 01:34:05| 512 |Fri, 07 Apr 2017 12:33:12 GMT| 17 0
6 FacundoAcevedo-configuraciones |2012-07-23 01:34:05| 513 |Fri, 07 Apr 2017 12:30:02 GMT| 2 0
6 FacundoAcevedo-configuraciones |2012-07-23 01:34:05| 514 |Tue, 21 Feb 2017 14:57:40 GMT| 2 2
6 FacundoAcevedo-configuraciones |2012-07-23 01:34:05| 515 |Tue, 21 Feb 2017 13:11:41 GMT| 8 3
6 FacundoAcevedo-configuraciones |2012-07-23 01:34:05| 516 |Thu, 19 Jan 2017 15:36:55 GMT| 6656 1
6 FacundoAcevedo-configuraciones |2012-07-23 01:34:05| 517 |Thu, 19 Jan 2017 15:36:44 GMT| 17 4
6 FacundoAcevedo-configuraciones |2012-07-23 01:34:05| 518 |Sat, 14 Jan 2017 16:07:27 GMT| 29 28
6 FacundoAcevedo-configuraciones |2012-07-23 01:34:05| 519 |Sat, 14 Jan 2017 16:06:29 GMT| 2 1
6 FacundoAcevedo-configuraciones |2012-07-23 01:34:05| 520 |Sat, 14 Jan 2017 16:01:28 GMT| 6654 0
6 FacundoAcevedo-configuraciones |2012-07-23 01:34:05| 521 |Fri, 13 Jan 2017 17:16:49 GMT| 10 3
6 FacundoAcevedo-configuraciones |2012-07-23 01:34:05| 522 |Fri, 13 Jan 2017 15:12:01 GMT| 5 5
6 FacundoAcevedo-configuraciones |2012-07-23 01:34:05| 523 |Thu, 12 Jan 2017 17:16:59 GMT| 15 21
6 FacundoAcevedo-configuraciones |2012-07-23 01:34:05| 524 |Wed, 11 Jan 2017 11:54:16 GMT| 2 0
6 FacundoAcevedo-configuraciones |2012-07-23 01:34:05| 525 |Wed, 11 Jan 2017 11:46:54 GMT| 20 0
6 FacundoAcevedo-configuraciones |2012-07-23 01:34:05| 526 |Tue, 10 Jan 2017 16:55:12 GMT| 9 9
6 FacundoAcevedo-configuraciones |2012-07-23 01:34:05| 527 |Tue, 10 Jan 2017 15:46:55 GMT| 293 133
6 FacundoAcevedo-configuraciones |2012-07-23 01:34:05| 528 |Mon, 09 Jan 2017 15:09:18 GMT| 1 0
6 FacundoAcevedo-configuraciones |2012-07-23 01:34:05| 529 |Sun, 08 Jan 2017 15:39:11 GMT| 3 0
6 FacundoAcevedo-configuraciones |2012-07-23 01:34:05| 530 |Fri, 06 Jan 2017 17:29:26 GMT| 11 3
6 FacundoAcevedo-configuraciones |2012-07-23 01:34:05| 531 |Fri, 06 Jan 2017 17:29:09 GMT| 4 5
6 FacundoAcevedo-configuraciones |2012-07-23 01:34:05| 532 |Thu, 05 Jan 2017 13:24:51 GMT| 1 1
6 FacundoAcevedo-configuraciones |2012-07-23 01:34:05| 533 |Thu, 15 Dec 2016 00:47:01 GMT| 1 1
6 FacundoAcevedo-configuraciones |2012-07-23 01:34:05| 534 |Sun, 11 Dec 2016 22:22:12 GMT| 9 3
6 FacundoAcevedo-configuraciones |2012-07-23 01:34:05| 535 |Sun, 11 Dec 2016 16:46:46 GMT| 1 1
6 FacundoAcevedo-configuraciones |2012-07-23 01:34:05| 536 |Sun, 11 Dec 2016 14:50:50 GMT| 3 1
6 FacundoAcevedo-configuraciones |2012-07-23 01:34:05| 537 |Thu, 10 Nov 2016 12:03:30 GMT| 7 2
6 FacundoAcevedo-configuraciones |2012-07-23 01:34:05| 538 |Tue, 01 Nov 2016 12:38:51 GMT| 12 4
6 FacundoAcevedo-configuraciones |2012-07-23 01:34:05| 539 |Fri, 21 Oct 2016 02:05:54 GMT| 6 6
6 FacundoAcevedo-configuraciones |2012-07-23 01:34:05| 540 |Fri, 14 Oct 2016 11:49:50 GMT| 2 2
6 FacundoAcevedo-configuraciones |2012-07-23 01:34:05| 541 |Thu, 13 Oct 2016 17:37:53 GMT| 3 0
6 FacundoAcevedo-configuraciones |2012-07-23 01:34:05| 542 |Thu, 13 Oct 2016 13:23:43 GMT| 1 1
6 FacundoAcevedo-configuraciones |2012-07-23 01:34:05| 543 |Thu, 13 Oct 2016 13:22:29 GMT| 21 7
6 FacundoAcevedo-configuraciones |2012-07-23 01:34:05| 544 |Thu, 13 Oct 2016 13:09:22 GMT| 24 23
6 FacundoAcevedo-configuraciones |2012-07-23 01:34:05| 545 |Thu, 13 Oct 2016 13:03:47 GMT| 24 18
6 FacundoAcevedo-configuraciones |2012-07-23 01:34:05| 546 |Tue, 11 Oct 2016 21:00:54 GMT| 6 1
6 FacundoAcevedo-configuraciones |2012-07-23 01:34:05| 547 |Mon, 10 Oct 2016 23:02:43 GMT| 7 0
6 FacundoAcevedo-configuraciones |2012-07-23 01:34:05| 548 |Mon, 10 Oct 2016 16:45:19 GMT| 1 1
6 FacundoAcevedo-configuraciones |2012-07-23 01:34:05| 549 |Tue, 04 Oct 2016 12:39:35 GMT| 7 1
6 FacundoAcevedo-configuraciones |2012-07-23 01:34:05| 550 |Tue, 04 Oct 2016 12:39:14 GMT| 1 1
6 FacundoAcevedo-configuraciones |2012-07-23 01:34:05| 551 |Tue, 04 Oct 2016 12:36:13 GMT| 37 8
6 FacundoAcevedo-configuraciones |2012-07-23 01:34:05| 552 |Tue, 04 Oct 2016 12:15:00 GMT| 11 0
6 FacundoAcevedo-configuraciones |2012-07-23 01:34:05| 553 |Mon, 03 Oct 2016 17:14:38 GMT| 121 2
6 FacundoAcevedo-configuraciones |2012-07-23 01:34:05| 554 |Mon, 03 Oct 2016 16:54:42 GMT| 13 3
6 FacundoAcevedo-configuraciones |2012-07-23 01:34:05| 555 |Mon, 03 Oct 2016 16:34:27 GMT| 8 1
6 FacundoAcevedo-configuraciones |2012-07-23 01:34:05| 556 |Mon, 03 Oct 2016 16:21:58 GMT| 7 5
6 FacundoAcevedo-configuraciones |2012-07-23 01:34:05| 557 |Mon, 30 May 2016 13:35:30 GMT| 18 3
6 FacundoAcevedo-configuraciones |2012-07-23 01:34:05| 558 |Mon, 30 May 2016 13:16:13 GMT| 19 0
6 FacundoAcevedo-configuraciones |2012-07-23 01:34:05| 559 |Sun, 29 May 2016 21:43:12 GMT| 2 2
6 FacundoAcevedo-configuraciones |2012-07-23 01:34:05| 560 |Sun, 29 May 2016 21:41:38 GMT| 10 0
6 FacundoAcevedo-configuraciones |2012-07-23 01:34:05| 561 |Sun, 29 May 2016 21:37:27 GMT| 15 0
6 FacundoAcevedo-configuraciones |2012-07-23 01:34:05| 562 |Thu, 26 May 2016 17:43:38 GMT| 4 0
6 FacundoAcevedo-configuraciones |2012-07-23 01:34:05| 563 |Mon, 23 May 2016 22:15:09 GMT| 1 0
6 FacundoAcevedo-configuraciones |2012-07-23 01:34:05| 564 |Mon, 23 May 2016 17:22:21 GMT| 6 261
6 FacundoAcevedo-configuraciones |2012-07-23 01:34:05| 565 |Mon, 23 May 2016 16:04:36 GMT| 510 107
6 FacundoAcevedo-configuraciones |2012-07-23 01:34:05| 566 |Fri, 20 May 2016 13:29:20 GMT| 140 0
6 FacundoAcevedo-configuraciones |2012-07-23 01:34:05| 567 |Fri, 20 May 2016 13:27:47 GMT| 0 134
6 FacundoAcevedo-configuraciones |2012-07-23 01:34:05| 568 |Fri, 20 May 2016 13:26:38 GMT| 1 0
6 FacundoAcevedo-configuraciones |2012-07-23 01:34:05| 569 |Sun, 30 Sep 2012 01:36:01 GMT| 101 6
6 FacundoAcevedo-configuraciones |2012-07-23 01:34:05| 570 |Mon, 23 Jul 2012 03:29:32 GMT| 146 0
7 FacundoAcevedo-email2sms |2014-05-14 17:03:25| 571 |Fri, 15 Aug 2014 14:00:56 GMT| 0 0
7 FacundoAcevedo-email2sms |2014-05-14 17:03:25| 572 |Fri, 23 May 2014 14:18:52 GMT| 30 15
7 FacundoAcevedo-email2sms |2014-05-14 17:03:25| 573 |Thu, 15 May 2014 17:42:59 GMT| 0 34
7 FacundoAcevedo-email2sms |2014-05-14 17:03:25| 574 |Thu, 15 May 2014 17:42:17 GMT| 3 2
7 FacundoAcevedo-email2sms |2014-05-14 17:03:25| 575 |Thu, 15 May 2014 17:37:33 GMT| 34 0
7 FacundoAcevedo-email2sms |2014-05-14 17:03:25| 576 |Thu, 15 May 2014 17:35:38 GMT| 34 0
7 FacundoAcevedo-email2sms |2014-05-14 17:03:25| 577 |Thu, 15 May 2014 17:35:22 GMT| 0 36
7 FacundoAcevedo-email2sms |2014-05-14 17:03:25| 578 |Wed, 14 May 2014 17:38:01 GMT| 15 15
7 FacundoAcevedo-email2sms |2014-05-14 17:03:25| 579 |Wed, 14 May 2014 15:50:36 GMT| 696 0
8 FacundoAcevedo-FacundoAcevedo.github.io |2016-10-12 17:04:29| 580 |Fri, 14 Oct 2016 13:24:13 GMT| 2 1
8 FacundoAcevedo-FacundoAcevedo.github.io |2016-10-12 17:04:29| 581 |Thu, 13 Oct 2016 12:12:30 GMT| 3 3
8 FacundoAcevedo-FacundoAcevedo.github.io |2016-10-12 17:04:29| 582 |Wed, 12 Oct 2016 15:22:29 GMT| 2 1
8 FacundoAcevedo-FacundoAcevedo.github.io |2016-10-12 17:04:29| 583 |Wed, 12 Oct 2016 15:17:42 GMT| 1 37
8 FacundoAcevedo-FacundoAcevedo.github.io |2016-10-12 17:04:29| 584 |Wed, 12 Oct 2016 15:17:36 GMT| 34 0
8 FacundoAcevedo-FacundoAcevedo.github.io |2016-10-12 17:04:29| 585 |Wed, 12 Oct 2016 15:16:32 GMT| 5 6
8 FacundoAcevedo-FacundoAcevedo.github.io |2016-10-12 17:04:29| 586 |Wed, 12 Oct 2016 13:41:09 GMT| 6 4
8 FacundoAcevedo-FacundoAcevedo.github.io |2016-10-12 17:04:29| 587 |Wed, 12 Oct 2016 12:13:15 GMT| 3 0
8 FacundoAcevedo-FacundoAcevedo.github.io |2016-10-12 17:04:29| 588 |Tue, 11 Oct 2016 17:14:19 GMT| 5 4
8 FacundoAcevedo-FacundoAcevedo.github.io |2016-10-12 17:04:29| 589 |Sat, 14 May 2016 07:56:00 GMT| 2 1
8 FacundoAcevedo-FacundoAcevedo.github.io |2016-10-12 17:04:29| 590 |Wed, 20 Apr 2016 20:24:04 GMT| 2 1
8 FacundoAcevedo-FacundoAcevedo.github.io |2016-10-12 17:04:29| 591 |Tue, 08 Sep 2015 07:21:53 GMT| 27 18
8 FacundoAcevedo-FacundoAcevedo.github.io |2016-10-12 17:04:29| 592 |Tue, 08 Sep 2015 07:21:23 GMT| 2 2
8 FacundoAcevedo-FacundoAcevedo.github.io |2016-10-12 17:04:29| 593 |Fri, 04 Sep 2015 04:40:04 GMT| 2 2
8 FacundoAcevedo-FacundoAcevedo.github.io |2016-10-12 17:04:29| 594 |Mon, 20 Apr 2015 21:33:09 GMT| 1 1
8 FacundoAcevedo-FacundoAcevedo.github.io |2016-10-12 17:04:29| 595 |Tue, 27 Jan 2015 12:14:58 GMT| 27 18
8 FacundoAcevedo-FacundoAcevedo.github.io |2016-10-12 17:04:29| 596 |Tue, 09 Dec 2014 21:42:38 GMT| 2 2
8 FacundoAcevedo-FacundoAcevedo.github.io |2016-10-12 17:04:29| 597 |Tue, 09 Dec 2014 21:40:18 GMT| 1 1
8 FacundoAcevedo-FacundoAcevedo.github.io |2016-10-12 17:04:29| 598 |Wed, 16 Jul 2014 18:19:54 GMT| 1 1
8 FacundoAcevedo-FacundoAcevedo.github.io |2016-10-12 17:04:29| 599 |Fri, 07 Jun 2013 21:24:14 GMT| 1 1
8 FacundoAcevedo-FacundoAcevedo.github.io |2016-10-12 17:04:29| 600 |Fri, 07 Jun 2013 21:21:38 GMT| 17 0
8 FacundoAcevedo-FacundoAcevedo.github.io |2016-10-12 17:04:29| 601 |Fri, 07 Jun 2013 21:01:25 GMT| 7 1
8 FacundoAcevedo-FacundoAcevedo.github.io |2016-10-12 17:04:29| 602 |Fri, 07 Jun 2013 20:58:10 GMT| 18 1
8 FacundoAcevedo-FacundoAcevedo.github.io |2016-10-12 17:04:29| 603 |Fri, 07 Jun 2013 20:31:58 GMT| 4 0
8 FacundoAcevedo-FacundoAcevedo.github.io |2016-10-12 17:04:29| 604 |Fri, 07 Jun 2013 05:12:27 GMT| 75 8
8 FacundoAcevedo-FacundoAcevedo.github.io |2016-10-12 17:04:29| 605 |Fri, 07 Jun 2013 03:42:50 GMT| 0 338
8 FacundoAcevedo-FacundoAcevedo.github.io |2016-10-12 17:04:29| 606 |Fri, 07 Jun 2013 03:41:12 GMT| 379 2
8 FacundoAcevedo-FacundoAcevedo.github.io |2016-10-12 17:04:29| 607 |Thu, 06 Jun 2013 03:45:40 GMT| 46 3
8 FacundoAcevedo-FacundoAcevedo.github.io |2016-10-12 17:04:29| 608 |Thu, 06 Jun 2013 03:30:52 GMT| 2 1
8 FacundoAcevedo-FacundoAcevedo.github.io |2016-10-12 17:04:29| 609 |Thu, 06 Jun 2013 03:19:00 GMT| 21 0
8 FacundoAcevedo-FacundoAcevedo.github.io |2016-10-12 17:04:29| 610 |Thu, 06 Jun 2013 03:10:24 GMT| 11 0
8 FacundoAcevedo-FacundoAcevedo.github.io |2016-10-12 17:04:29| 611 |Thu, 06 Jun 2013 02:59:13 GMT| 8 0
8 FacundoAcevedo-FacundoAcevedo.github.io |2016-10-12 17:04:29| 612 |Thu, 06 Jun 2013 02:56:15 GMT| 484 0
9 FacundoAcevedo-gondolero |2015-12-10 11:48:39| 613 |Tue, 19 Jul 2016 15:56:04 GMT| 4 4
9 FacundoAcevedo-gondolero |2015-12-10 11:48:39| 614 |Tue, 19 Jul 2016 15:55:55 GMT| 39 0
9 FacundoAcevedo-gondolero |2015-12-10 11:48:39| 615 |Tue, 19 Jul 2016 15:08:55 GMT| 4 4
9 FacundoAcevedo-gondolero |2015-12-10 11:48:39| 616 |Tue, 19 Jul 2016 14:42:18 GMT| 5 0
9 FacundoAcevedo-gondolero |2015-12-10 11:48:39| 617 |Wed, 20 Jan 2016 14:06:52 GMT| 1 1
9 FacundoAcevedo-gondolero |2015-12-10 11:48:39| 618 |Wed, 20 Jan 2016 14:01:37 GMT| 6 6
9 FacundoAcevedo-gondolero |2015-12-10 11:48:39| 619 |Wed, 20 Jan 2016 13:56:25 GMT| 2 2
9 FacundoAcevedo-gondolero |2015-12-10 11:48:39| 620 |Wed, 20 Jan 2016 13:54:29 GMT| 24 2
9 FacundoAcevedo-gondolero |2015-12-10 11:48:39| 621 |Wed, 13 Jan 2016 16:23:10 GMT| 1 1
9 FacundoAcevedo-gondolero |2015-12-10 11:48:39| 622 |Wed, 13 Jan 2016 16:20:29 GMT| 2 22
9 FacundoAcevedo-gondolero |2015-12-10 11:48:39| 623 |Wed, 13 Jan 2016 16:11:10 GMT| 160 62
9 FacundoAcevedo-gondolero |2015-12-10 11:48:39| 624 |Wed, 13 Jan 2016 15:08:11 GMT| 160 62
9 FacundoAcevedo-gondolero |2015-12-10 11:48:39| 625 |Tue, 12 Jan 2016 15:34:24 GMT| 9 1
9 FacundoAcevedo-gondolero |2015-12-10 11:48:39| 626 |Tue, 12 Jan 2016 15:01:29 GMT| 14 49
9 FacundoAcevedo-gondolero |2015-12-10 11:48:39| 627 |Tue, 12 Jan 2016 14:59:07 GMT| 21 16
9 FacundoAcevedo-gondolero |2015-12-10 11:48:39| 628 |Mon, 11 Jan 2016 17:27:58 GMT| 72 10
9 FacundoAcevedo-gondolero |2015-12-10 11:48:39| 629 |Thu, 07 Jan 2016 15:22:09 GMT| 58 1
9 FacundoAcevedo-gondolero |2015-12-10 11:48:39| 630 |Thu, 07 Jan 2016 14:15:49 GMT| 15 9
9 FacundoAcevedo-gondolero |2015-12-10 11:48:39| 631 |Thu, 07 Jan 2016 14:09:47 GMT| 42 24
9 FacundoAcevedo-gondolero |2015-12-10 11:48:39| 632 |Wed, 06 Jan 2016 17:34:16 GMT| 58 0
9 FacundoAcevedo-gondolero |2015-12-10 11:48:39| 633 |Wed, 06 Jan 2016 15:19:33 GMT| 74 9
9 FacundoAcevedo-gondolero |2015-12-10 11:48:39| 634 |Wed, 06 Jan 2016 12:55:03 GMT| 1 1
9 FacundoAcevedo-gondolero |2015-12-10 11:48:39| 635 |Tue, 05 Jan 2016 13:34:45 GMT| 49 35
9 FacundoAcevedo-gondolero |2015-12-10 11:48:39| 636 |Tue, 05 Jan 2016 13:24:47 GMT| 2 2
9 FacundoAcevedo-gondolero |2015-12-10 11:48:39| 637 |Tue, 05 Jan 2016 12:35:57 GMT| 78 78
9 FacundoAcevedo-gondolero |2015-12-10 11:48:39| 638 |Mon, 04 Jan 2016 17:24:43 GMT| 6 6
9 FacundoAcevedo-gondolero |2015-12-10 11:48:39| 639 |Mon, 04 Jan 2016 17:19:55 GMT| 52 82
9 FacundoAcevedo-gondolero |2015-12-10 11:48:39| 640 |Mon, 04 Jan 2016 16:21:58 GMT| 9 8
9 FacundoAcevedo-gondolero |2015-12-10 11:48:39| 641 |Mon, 04 Jan 2016 13:57:20 GMT| 42 7
9 FacundoAcevedo-gondolero |2015-12-10 11:48:39| 642 |Sun, 03 Jan 2016 04:17:53 GMT| 6 0
9 FacundoAcevedo-gondolero |2015-12-10 11:48:39| 643 |Sun, 03 Jan 2016 03:39:43 GMT| 146 24
9 FacundoAcevedo-gondolero |2015-12-10 11:48:39| 644 |Sun, 03 Jan 2016 02:48:51 GMT| 1 2
9 FacundoAcevedo-gondolero |2015-12-10 11:48:39| 645 |Sun, 03 Jan 2016 02:45:34 GMT| 102 28
9 FacundoAcevedo-gondolero |2015-12-10 11:48:39| 646 |Sat, 02 Jan 2016 01:29:47 GMT| 12 6
9 FacundoAcevedo-gondolero |2015-12-10 11:48:39| 647 |Thu, 31 Dec 2015 03:32:33 GMT| 1 1
9 FacundoAcevedo-gondolero |2015-12-10 11:48:39| 648 |Thu, 31 Dec 2015 01:14:18 GMT| 21 6
9 FacundoAcevedo-gondolero |2015-12-10 11:48:39| 649 |Thu, 31 Dec 2015 01:04:23 GMT| 4 3
9 FacundoAcevedo-gondolero |2015-12-10 11:48:39| 650 |Thu, 31 Dec 2015 01:02:53 GMT| 181 47
9 FacundoAcevedo-gondolero |2015-12-10 11:48:39| 651 |Wed, 30 Dec 2015 23:01:52 GMT| 6 52
9 FacundoAcevedo-gondolero |2015-12-10 11:48:39| 652 |Wed, 30 Dec 2015 17:46:59 GMT| 10 2
9 FacundoAcevedo-gondolero |2015-12-10 11:48:39| 653 |Wed, 30 Dec 2015 17:14:11 GMT| 655 0
9 FacundoAcevedo-gondolero |2015-12-10 11:48:39| 654 |Wed, 30 Dec 2015 17:02:37 GMT| 93 23
9 FacundoAcevedo-gondolero |2015-12-10 11:48:39| 655 |Tue, 29 Dec 2015 17:46:54 GMT| 2420 2586
9 FacundoAcevedo-gondolero |2015-12-10 11:48:39| 656 |Tue, 29 Dec 2015 15:57:54 GMT| 3558 6010
9 FacundoAcevedo-gondolero |2015-12-10 11:48:39| 657 |Mon, 28 Dec 2015 18:25:22 GMT| 6340 6
9 FacundoAcevedo-gondolero |2015-12-10 11:48:39| 658 |Mon, 28 Dec 2015 17:29:05 GMT| 80 43
9 FacundoAcevedo-gondolero |2015-12-10 11:48:39| 659 |Sat, 26 Dec 2015 23:22:06 GMT| 74 2
9 FacundoAcevedo-gondolero |2015-12-10 11:48:39| 660 |Wed, 23 Dec 2015 17:20:53 GMT| 86 4
9 FacundoAcevedo-gondolero |2015-12-10 11:48:39| 661 |Tue, 22 Dec 2015 17:25:39 GMT| 22 0
9 FacundoAcevedo-gondolero |2015-12-10 11:48:39| 662 |Tue, 22 Dec 2015 17:25:24 GMT| 1 1
9 FacundoAcevedo-gondolero |2015-12-10 11:48:39| 663 |Tue, 22 Dec 2015 17:24:37 GMT| 62 3
9 FacundoAcevedo-gondolero |2015-12-10 11:48:39| 664 |Tue, 22 Dec 2015 17:23:10 GMT| 10 1
9 FacundoAcevedo-gondolero |2015-12-10 11:48:39| 665 |Tue, 22 Dec 2015 17:22:48 GMT| 26 10
9 FacundoAcevedo-gondolero |2015-12-10 11:48:39| 666 |Tue, 22 Dec 2015 17:21:32 GMT| 7 7
9 FacundoAcevedo-gondolero |2015-12-10 11:48:39| 667 |Tue, 22 Dec 2015 17:19:44 GMT| 20 0
9 FacundoAcevedo-gondolero |2015-12-10 11:48:39| 668 |Mon, 21 Dec 2015 17:49:41 GMT| 78 24
9 FacundoAcevedo-gondolero |2015-12-10 11:48:39| 669 |Sun, 20 Dec 2015 04:53:22 GMT| 493 3
9 FacundoAcevedo-gondolero |2015-12-10 11:48:39| 670 |Fri, 18 Dec 2015 17:18:21 GMT| 10942 0
9 FacundoAcevedo-gondolero |2015-12-10 11:48:39| 671 |Wed, 16 Dec 2015 17:14:11 GMT| 193 82
9 FacundoAcevedo-gondolero |2015-12-10 11:48:39| 672 |Mon, 14 Dec 2015 17:21:49 GMT| 44 14
9 FacundoAcevedo-gondolero |2015-12-10 11:48:39| 673 |Mon, 14 Dec 2015 02:33:57 GMT| 35 56
9 FacundoAcevedo-gondolero |2015-12-10 11:48:39| 674 |Fri, 11 Dec 2015 17:38:25 GMT| 129 2
9 FacundoAcevedo-gondolero |2015-12-10 11:48:39| 675 |Fri, 11 Dec 2015 17:33:45 GMT| 79 35
9 FacundoAcevedo-gondolero |2015-12-10 11:48:39| 676 |Fri, 11 Dec 2015 13:38:51 GMT| 41 27
9 FacundoAcevedo-gondolero |2015-12-10 11:48:39| 677 |Fri, 11 Dec 2015 03:09:22 GMT| 27 1
9 FacundoAcevedo-gondolero |2015-12-10 11:48:39| 678 |Thu, 10 Dec 2015 17:16:23 GMT| 431 0
9 FacundoAcevedo-gondolero |2015-12-10 11:48:39| 679 |Thu, 10 Dec 2015 11:48:39 GMT| 734 0
10 FacundoAcevedo-hash_abierto |2012-10-21 23:30:24| 680 |Sat, 01 Dec 2012 21:38:11 GMT| 376 157
10 FacundoAcevedo-hash_abierto |2012-10-21 23:30:24| 681 |Fri, 30 Nov 2012 18:41:50 GMT| 6 4
10 FacundoAcevedo-hash_abierto |2012-10-21 23:30:24| 682 |Fri, 30 Nov 2012 17:32:10 GMT| 134 57
10 FacundoAcevedo-hash_abierto |2012-10-21 23:30:24| 683 |Fri, 16 Nov 2012 04:23:03 GMT| 6 7
10 FacundoAcevedo-hash_abierto |2012-10-21 23:30:24| 684 |Fri, 16 Nov 2012 04:12:43 GMT| 7 1
10 FacundoAcevedo-hash_abierto |2012-10-21 23:30:24| 685 |Fri, 16 Nov 2012 03:29:50 GMT| 12 24
10 FacundoAcevedo-hash_abierto |2012-10-21 23:30:24| 686 |Thu, 15 Nov 2012 22:17:16 GMT| 3 2
10 FacundoAcevedo-hash_abierto |2012-10-21 23:30:24| 687 |Thu, 15 Nov 2012 04:05:43 GMT| 4 6
10 FacundoAcevedo-hash_abierto |2012-10-21 23:30:24| 688 |Wed, 14 Nov 2012 04:06:44 GMT| 0 2
10 FacundoAcevedo-hash_abierto |2012-10-21 23:30:24| 689 |Wed, 14 Nov 2012 04:03:26 GMT| 15 18
10 FacundoAcevedo-hash_abierto |2012-10-21 23:30:24| 690 |Wed, 14 Nov 2012 03:33:08 GMT| 3 3
10 FacundoAcevedo-hash_abierto |2012-10-21 23:30:24| 691 |Wed, 14 Nov 2012 03:28:52 GMT| 21 128
10 FacundoAcevedo-hash_abierto |2012-10-21 23:30:24| 692 |Tue, 13 Nov 2012 17:43:36 GMT| 37 2
10 FacundoAcevedo-hash_abierto |2012-10-21 23:30:24| 693 |Sun, 11 Nov 2012 01:48:05 GMT| 77 79
10 FacundoAcevedo-hash_abierto |2012-10-21 23:30:24| 694 |Sun, 11 Nov 2012 00:35:25 GMT| 36 32
10 FacundoAcevedo-hash_abierto |2012-10-21 23:30:24| 695 |Mon, 05 Nov 2012 06:03:42 GMT| 1 1
10 FacundoAcevedo-hash_abierto |2012-10-21 23:30:24| 696 |Mon, 05 Nov 2012 06:03:32 GMT| 1 1
10 FacundoAcevedo-hash_abierto |2012-10-21 23:30:24| 697 |Mon, 05 Nov 2012 06:03:17 GMT| 16 10
10 FacundoAcevedo-hash_abierto |2012-10-21 23:30:24| 698 |Mon, 05 Nov 2012 05:13:30 GMT| 1 1
10 FacundoAcevedo-hash_abierto |2012-10-21 23:30:24| 699 |Mon, 05 Nov 2012 02:01:33 GMT| 164 94
10 FacundoAcevedo-hash_abierto |2012-10-21 23:30:24| 700 |Sat, 03 Nov 2012 19:29:52 GMT| 1 8
10 FacundoAcevedo-hash_abierto |2012-10-21 23:30:24| 701 |Sat, 03 Nov 2012 19:25:20 GMT| 444 0
10 FacundoAcevedo-hash_abierto |2012-10-21 23:30:24| 702 |Sat, 03 Nov 2012 19:20:36 GMT| 16 5
10 FacundoAcevedo-hash_abierto |2012-10-21 23:30:24| 703 |Sat, 03 Nov 2012 15:19:55 GMT| 3 1
10 FacundoAcevedo-hash_abierto |2012-10-21 23:30:24| 704 |Fri, 02 Nov 2012 00:49:23 GMT| 70 27
10 FacundoAcevedo-hash_abierto |2012-10-21 23:30:24| 705 |Thu, 01 Nov 2012 20:45:03 GMT| 45 25
10 FacundoAcevedo-hash_abierto |2012-10-21 23:30:24| 706 |Thu, 01 Nov 2012 03:31:28 GMT| 2 2
10 FacundoAcevedo-hash_abierto |2012-10-21 23:30:24| 707 |Thu, 01 Nov 2012 01:06:34 GMT| 99 21
10 FacundoAcevedo-hash_abierto |2012-10-21 23:30:24| 708 |Wed, 31 Oct 2012 18:10:03 GMT| 171 19
10 FacundoAcevedo-hash_abierto |2012-10-21 23:30:24| 709 |Wed, 31 Oct 2012 14:31:15 GMT| 744 0
10 FacundoAcevedo-hash_abierto |2012-10-21 23:30:24| 710 |Mon, 29 Oct 2012 20:23:23 GMT| 57 91
10 FacundoAcevedo-hash_abierto |2012-10-21 23:30:24| 711 |Wed, 24 Oct 2012 22:22:14 GMT| 148 18
10 FacundoAcevedo-hash_abierto |2012-10-21 23:30:24| 712 |Tue, 23 Oct 2012 21:29:24 GMT| 193 45
10 FacundoAcevedo-hash_abierto |2012-10-21 23:30:24| 713 |Mon, 22 Oct 2012 03:37:54 GMT| 28 11
10 FacundoAcevedo-hash_abierto |2012-10-21 23:30:24| 714 |Sun, 21 Oct 2012 23:30:30 GMT| 712 0
11 FacundoAcevedo-LibreProde |2014-05-27 15:34:14| 715 |Tue, 27 May 2014 15:34:14 GMT| 397 0
12 FacundoAcevedo-lista_enlazada |2012-09-18 02:51:18| 716 |Sat, 03 Nov 2012 20:12:57 GMT| 1616 0
12 FacundoAcevedo-lista_enlazada |2012-09-18 02:51:18| 717 |Sat, 03 Nov 2012 15:23:49 GMT| 98 17
12 FacundoAcevedo-lista_enlazada |2012-09-18 02:51:18| 718 |Sat, 03 Nov 2012 15:18:59 GMT| 226 140
12 FacundoAcevedo-lista_enlazada |2012-09-18 02:51:18| 719 |Tue, 02 Oct 2012 03:55:39 GMT| 13 10
12 FacundoAcevedo-lista_enlazada |2012-09-18 02:51:18| 720 |Tue, 02 Oct 2012 01:35:22 GMT| 0 0
12 FacundoAcevedo-lista_enlazada |2012-09-18 02:51:18| 721 |Tue, 02 Oct 2012 01:33:43 GMT| 114 144
12 FacundoAcevedo-lista_enlazada |2012-09-18 02:51:18| 722 |Fri, 28 Sep 2012 16:35:05 GMT| 57 63
12 FacundoAcevedo-lista_enlazada |2012-09-18 02:51:18| 723 |Mon, 24 Sep 2012 23:07:28 GMT| 9 6
12 FacundoAcevedo-lista_enlazada |2012-09-18 02:51:18| 724 |Mon, 24 Sep 2012 22:50:11 GMT| 10 10
12 FacundoAcevedo-lista_enlazada |2012-09-18 02:51:18| 725 |Mon, 24 Sep 2012 22:34:48 GMT| 1 1
12 FacundoAcevedo-lista_enlazada |2012-09-18 02:51:18| 726 |Mon, 24 Sep 2012 22:17:26 GMT| 3 3
12 FacundoAcevedo-lista_enlazada |2012-09-18 02:51:18| 727 |Mon, 24 Sep 2012 20:48:15 GMT| 1 1
12 FacundoAcevedo-lista_enlazada |2012-09-18 02:51:18| 728 |Mon, 24 Sep 2012 20:44:24 GMT| 32 1
12 FacundoAcevedo-lista_enlazada |2012-09-18 02:51:18| 729 |Mon, 24 Sep 2012 20:42:19 GMT| 11 10
12 FacundoAcevedo-lista_enlazada |2012-09-18 02:51:18| 730 |Mon, 24 Sep 2012 20:34:36 GMT| 2 2
12 FacundoAcevedo-lista_enlazada |2012-09-18 02:51:18| 731 |Mon, 24 Sep 2012 20:26:09 GMT| 45 30
12 FacundoAcevedo-lista_enlazada |2012-09-18 02:51:18| 732 |Mon, 24 Sep 2012 20:13:09 GMT| 36 29
12 FacundoAcevedo-lista_enlazada |2012-09-18 02:51:18| 733 |Mon, 24 Sep 2012 20:00:18 GMT| 3 2
12 FacundoAcevedo-lista_enlazada |2012-09-18 02:51:18| 734 |Mon, 24 Sep 2012 19:48:15 GMT| 13 10
12 FacundoAcevedo-lista_enlazada |2012-09-18 02:51:18| 735 |Mon, 24 Sep 2012 19:35:11 GMT| 26 26
12 FacundoAcevedo-lista_enlazada |2012-09-18 02:51:18| 736 |Mon, 24 Sep 2012 19:31:09 GMT| 1 0
12 FacundoAcevedo-lista_enlazada |2012-09-18 02:51:18| 737 |Mon, 24 Sep 2012 19:20:27 GMT| 7 0
12 FacundoAcevedo-lista_enlazada |2012-09-18 02:51:18| 738 |Mon, 24 Sep 2012 19:12:31 GMT| 11 21
12 FacundoAcevedo-lista_enlazada |2012-09-18 02:51:18| 739 |Mon, 24 Sep 2012 19:03:12 GMT| 8 3
12 FacundoAcevedo-lista_enlazada |2012-09-18 02:51:18| 740 |Mon, 24 Sep 2012 18:49:33 GMT| 50 22
12 FacundoAcevedo-lista_enlazada |2012-09-18 02:51:18| 741 |Sun, 23 Sep 2012 22:31:59 GMT| 210 197
12 FacundoAcevedo-lista_enlazada |2012-09-18 02:51:18| 742 |Sun, 23 Sep 2012 18:40:18 GMT| 2 0
12 FacundoAcevedo-lista_enlazada |2012-09-18 02:51:18| 743 |Sun, 23 Sep 2012 18:25:18 GMT| 28 31
12 FacundoAcevedo-lista_enlazada |2012-09-18 02:51:18| 744 |Sun, 23 Sep 2012 17:52:06 GMT| 10 37
12 FacundoAcevedo-lista_enlazada |2012-09-18 02:51:18| 745 |Sun, 23 Sep 2012 17:32:12 GMT| 4 5
12 FacundoAcevedo-lista_enlazada |2012-09-18 02:51:18| 746 |Sun, 23 Sep 2012 17:25:20 GMT| 12 9
12 FacundoAcevedo-lista_enlazada |2012-09-18 02:51:18| 747 |Sun, 23 Sep 2012 17:21:35 GMT| 210 194
12 FacundoAcevedo-lista_enlazada |2012-09-18 02:51:18| 748 |Sun, 23 Sep 2012 04:55:57 GMT| 18 10
12 FacundoAcevedo-lista_enlazada |2012-09-18 02:51:18| 749 |Sun, 23 Sep 2012 04:01:02 GMT| 8 4
12 FacundoAcevedo-lista_enlazada |2012-09-18 02:51:18| 750 |Sun, 23 Sep 2012 03:37:58 GMT| 23 19
12 FacundoAcevedo-lista_enlazada |2012-09-18 02:51:18| 751 |Sun, 23 Sep 2012 00:08:50 GMT| 89 88
12 FacundoAcevedo-lista_enlazada |2012-09-18 02:51:18| 752 |Sat, 22 Sep 2012 23:42:14 GMT| 9 4
12 FacundoAcevedo-lista_enlazada |2012-09-18 02:51:18| 753 |Sat, 22 Sep 2012 22:37:19 GMT| 55 18
12 FacundoAcevedo-lista_enlazada |2012-09-18 02:51:18| 754 |Sat, 22 Sep 2012 21:44:20 GMT| 2 1
12 FacundoAcevedo-lista_enlazada |2012-09-18 02:51:18| 755 |Sat, 22 Sep 2012 21:29:54 GMT| 0 1
12 FacundoAcevedo-lista_enlazada |2012-09-18 02:51:18| 756 |Sat, 22 Sep 2012 21:29:01 GMT| 29 1
12 FacundoAcevedo-lista_enlazada |2012-09-18 02:51:18| 757 |Sat, 22 Sep 2012 20:51:00 GMT| 14 12
12 FacundoAcevedo-lista_enlazada |2012-09-18 02:51:18| 758 |Sat, 22 Sep 2012 20:45:06 GMT| 50 41
12 FacundoAcevedo-lista_enlazada |2012-09-18 02:51:18| 759 |Sat, 22 Sep 2012 20:36:42 GMT| 39 0
12 FacundoAcevedo-lista_enlazada |2012-09-18 02:51:18| 760 |Sat, 22 Sep 2012 20:34:44 GMT| 18 17
12 FacundoAcevedo-lista_enlazada |2012-09-18 02:51:18| 761 |Sat, 22 Sep 2012 20:34:26 GMT| 589 0
12 FacundoAcevedo-lista_enlazada |2012-09-18 02:51:18| 762 |Sat, 22 Sep 2012 20:33:03 GMT| 1 1
12 FacundoAcevedo-lista_enlazada |2012-09-18 02:51:18| 763 |Sat, 22 Sep 2012 20:29:39 GMT| 589 0
12 FacundoAcevedo-lista_enlazada |2012-09-18 02:51:18| 764 |Sat, 22 Sep 2012 20:00:59 GMT| 2 1
12 FacundoAcevedo-lista_enlazada |2012-09-18 02:51:18| 765 |Sat, 22 Sep 2012 19:56:34 GMT| 2 2
12 FacundoAcevedo-lista_enlazada |2012-09-18 02:51:18| 766 |Sat, 22 Sep 2012 19:51:29 GMT| 7 0
12 FacundoAcevedo-lista_enlazada |2012-09-18 02:51:18| 767 |Sat, 22 Sep 2012 19:49:10 GMT| 15 8
12 FacundoAcevedo-lista_enlazada |2012-09-18 02:51:18| 768 |Sat, 22 Sep 2012 19:12:08 GMT| 335 0
12 FacundoAcevedo-lista_enlazada |2012-09-18 02:51:18| 769 |Tue, 18 Sep 2012 02:52:23 GMT| 42 0
13 FacundoAcevedo-mkdir_intercept |2014-06-17 13:31:03| 770 |Fri, 18 Jul 2014 18:12:04 GMT| 0 70
13 FacundoAcevedo-mkdir_intercept |2014-06-17 13:31:03| 771 |Fri, 18 Jul 2014 18:11:44 GMT| 2 3
13 FacundoAcevedo-mkdir_intercept |2014-06-17 13:31:03| 772 |Fri, 18 Jul 2014 18:09:36 GMT| 28 65
13 FacundoAcevedo-mkdir_intercept |2014-06-17 13:31:03| 773 |Fri, 18 Jul 2014 18:07:46 GMT| 38 0
13 FacundoAcevedo-mkdir_intercept |2014-06-17 13:31:03| 774 |Fri, 18 Jul 2014 18:07:08 GMT| 24 6
13 FacundoAcevedo-mkdir_intercept |2014-06-17 13:31:03| 775 |Fri, 18 Jul 2014 18:05:11 GMT| 54 0
13 FacundoAcevedo-mkdir_intercept |2014-06-17 13:31:03| 776 |Fri, 18 Jul 2014 17:58:51 GMT| 339 0
13 FacundoAcevedo-mkdir_intercept |2014-06-17 13:31:03| 777 |Thu, 17 Jul 2014 16:00:03 GMT| 94 16
13 FacundoAcevedo-mkdir_intercept |2014-06-17 13:31:03| 778 |Thu, 17 Jul 2014 15:59:22 GMT| 56 12
13 FacundoAcevedo-mkdir_intercept |2014-06-17 13:31:03| 779 |Tue, 15 Jul 2014 17:32:42 GMT| 24 1
13 FacundoAcevedo-mkdir_intercept |2014-06-17 13:31:03| 780 |Tue, 15 Jul 2014 17:32:13 GMT| 5 77
13 FacundoAcevedo-mkdir_intercept |2014-06-17 13:31:03| 781 |Tue, 15 Jul 2014 16:07:27 GMT| 14 0
13 FacundoAcevedo-mkdir_intercept |2014-06-17 13:31:03| 782 |Tue, 15 Jul 2014 14:36:51 GMT| 183 24
13 FacundoAcevedo-mkdir_intercept |2014-06-17 13:31:03| 783 |Tue, 15 Jul 2014 14:36:26 GMT| 7 7
13 FacundoAcevedo-mkdir_intercept |2014-06-17 13:31:03| 784 |Tue, 15 Jul 2014 14:35:55 GMT| 144 60
13 FacundoAcevedo-mkdir_intercept |2014-06-17 13:31:03| 785 |Tue, 15 Jul 2014 14:34:47 GMT| 3 1
13 FacundoAcevedo-mkdir_intercept |2014-06-17 13:31:03| 786 |Tue, 15 Jul 2014 14:34:22 GMT| 2 2
13 FacundoAcevedo-mkdir_intercept |2014-06-17 13:31:03| 787 |Mon, 14 Jul 2014 14:52:30 GMT| 2 2
13 FacundoAcevedo-mkdir_intercept |2014-06-17 13:31:03| 788 |Mon, 14 Jul 2014 14:52:02 GMT| 97 38
13 FacundoAcevedo-mkdir_intercept |2014-06-17 13:31:03| 789 |Mon, 14 Jul 2014 14:51:40 GMT| 61 104
13 FacundoAcevedo-mkdir_intercept |2014-06-17 13:31:03| 790 |Mon, 14 Jul 2014 12:33:36 GMT| 5 6
13 FacundoAcevedo-mkdir_intercept |2014-06-17 13:31:03| 791 |Fri, 11 Jul 2014 15:18:22 GMT| 26 25
13 FacundoAcevedo-mkdir_intercept |2014-06-17 13:31:03| 792 |Fri, 11 Jul 2014 15:17:52 GMT| 122 98
13 FacundoAcevedo-mkdir_intercept |2014-06-17 13:31:03| 793 |Thu, 10 Jul 2014 15:37:22 GMT| 4 4
13 FacundoAcevedo-mkdir_intercept |2014-06-17 13:31:03| 794 |Thu, 10 Jul 2014 15:35:57 GMT| 2 2
13 FacundoAcevedo-mkdir_intercept |2014-06-17 13:31:03| 795 |Thu, 10 Jul 2014 15:35:10 GMT| 22 4
13 FacundoAcevedo-mkdir_intercept |2014-06-17 13:31:03| 796 |Thu, 10 Jul 2014 15:34:20 GMT| 439 0
13 FacundoAcevedo-mkdir_intercept |2014-06-17 13:31:03| 797 |Thu, 10 Jul 2014 15:32:38 GMT| 86 1
13 FacundoAcevedo-mkdir_intercept |2014-06-17 13:31:03| 798 |Mon, 07 Jul 2014 17:39:38 GMT| 88 300
13 FacundoAcevedo-mkdir_intercept |2014-06-17 13:31:03| 799 |Mon, 07 Jul 2014 17:36:40 GMT| 48 3
13 FacundoAcevedo-mkdir_intercept |2014-06-17 13:31:03| 800 |Wed, 02 Jul 2014 15:43:29 GMT| 309 90
13 FacundoAcevedo-mkdir_intercept |2014-06-17 13:31:03| 801 |Tue, 01 Jul 2014 16:49:49 GMT| 174 92
13 FacundoAcevedo-mkdir_intercept |2014-06-17 13:31:03| 802 |Fri, 27 Jun 2014 13:38:41 GMT| 1 0
13 FacundoAcevedo-mkdir_intercept |2014-06-17 13:31:03| 803 |Thu, 26 Jun 2014 14:06:58 GMT| 9 2
13 FacundoAcevedo-mkdir_intercept |2014-06-17 13:31:03| 804 |Thu, 26 Jun 2014 13:37:41 GMT| 35 3
13 FacundoAcevedo-mkdir_intercept |2014-06-17 13:31:03| 805 |Wed, 25 Jun 2014 15:04:35 GMT| 8 9
13 FacundoAcevedo-mkdir_intercept |2014-06-17 13:31:03| 806 |Tue, 24 Jun 2014 18:11:23 GMT| 17 3
13 FacundoAcevedo-mkdir_intercept |2014-06-17 13:31:03| 807 |Thu, 08 Aug 2013 16:31:26 GMT| 4 0
13 FacundoAcevedo-mkdir_intercept |2014-06-17 13:31:03| 808 |Thu, 08 Aug 2013 16:30:59 GMT| 176 47
13 FacundoAcevedo-mkdir_intercept |2014-06-17 13:31:03| 809 |Wed, 07 Aug 2013 13:59:44 GMT| 13 173
13 FacundoAcevedo-mkdir_intercept |2014-06-17 13:31:03| 810 |Wed, 07 Aug 2013 13:59:04 GMT| 170 0
13 FacundoAcevedo-mkdir_intercept |2014-06-17 13:31:03| 811 |Wed, 07 Aug 2013 13:28:23 GMT| 6 3
13 FacundoAcevedo-mkdir_intercept |2014-06-17 13:31:03| 812 |Tue, 06 Aug 2013 13:42:27 GMT| 45 40
13 FacundoAcevedo-mkdir_intercept |2014-06-17 13:31:03| 813 |Fri, 02 Aug 2013 17:10:30 GMT| 47 30
13 FacundoAcevedo-mkdir_intercept |2014-06-17 13:31:03| 814 |Fri, 02 Aug 2013 16:33:13 GMT| 2 0
13 FacundoAcevedo-mkdir_intercept |2014-06-17 13:31:03| 815 |Fri, 02 Aug 2013 16:32:34 GMT| 6 0
13 FacundoAcevedo-mkdir_intercept |2014-06-17 13:31:03| 816 |Fri, 02 Aug 2013 15:32:09 GMT| 3 1
13 FacundoAcevedo-mkdir_intercept |2014-06-17 13:31:03| 817 |Fri, 02 Aug 2013 15:17:49 GMT| 155 0
14 FacundoAcevedo-pila_dinamica |2012-09-04 21:42:08| 818 |Wed, 03 Oct 2012 04:21:13 GMT| 126 40
14 FacundoAcevedo-pila_dinamica |2012-09-04 21:42:08| 819 |Wed, 03 Oct 2012 02:22:58 GMT| 15 1015
14 FacundoAcevedo-pila_dinamica |2012-09-04 21:42:08| 820 |Wed, 03 Oct 2012 00:04:16 GMT| 12 9
14 FacundoAcevedo-pila_dinamica |2012-09-04 21:42:08| 821 |Tue, 02 Oct 2012 23:18:34 GMT| 32 39
14 FacundoAcevedo-pila_dinamica |2012-09-04 21:42:08| 822 |Tue, 02 Oct 2012 22:39:12 GMT| 3 2
14 FacundoAcevedo-pila_dinamica |2012-09-04 21:42:08| 823 |Tue, 02 Oct 2012 22:38:15 GMT| 12 9
14 FacundoAcevedo-pila_dinamica |2012-09-04 21:42:08| 824 |Tue, 02 Oct 2012 22:27:32 GMT| 51 31
14 FacundoAcevedo-pila_dinamica |2012-09-04 21:42:08| 825 |Tue, 02 Oct 2012 21:43:09 GMT| 20 11
14 FacundoAcevedo-pila_dinamica |2012-09-04 21:42:08| 826 |Tue, 02 Oct 2012 21:19:07 GMT| 680 0
14 FacundoAcevedo-pila_dinamica |2012-09-04 21:42:08| 827 |Tue, 02 Oct 2012 20:21:55 GMT| 0 0
14 FacundoAcevedo-pila_dinamica |2012-09-04 21:42:08| 828 |Sat, 29 Sep 2012 14:48:23 GMT| 728 0
15 FacundoAcevedo-PiscoPong |2013-12-06 12:05:14| 829 |Fri, 06 Dec 2013 14:47:16 GMT| 3 4
15 FacundoAcevedo-PiscoPong |2013-12-06 12:05:14| 830 |Fri, 06 Dec 2013 14:44:47 GMT| 9 18
15 FacundoAcevedo-PiscoPong |2013-12-06 12:05:14| 831 |Fri, 06 Dec 2013 12:12:08 GMT| 345 0
15 FacundoAcevedo-PiscoPong |2013-12-06 12:05:14| 832 |Fri, 06 Dec 2013 12:06:04 GMT| 2 0
15 FacundoAcevedo-PiscoPong |2013-12-06 12:05:14| 833 |Fri, 06 Dec 2013 12:05:14 GMT| 343 0
15 FacundoAcevedo-PiscoPong |2013-12-06 12:05:14| 834 |Fri, 06 Dec 2013 12:01:43 GMT| 362 0
16 FacundoAcevedo-polls |2015-12-09 17:18:34| 835 |Wed, 09 Dec 2015 17:59:05 GMT| 22 2
16 FacundoAcevedo-polls |2015-12-09 17:18:34| 836 |Wed, 09 Dec 2015 17:16:35 GMT| 5 302
16 FacundoAcevedo-polls |2015-12-09 17:18:34| 837 |Wed, 09 Dec 2015 14:02:46 GMT| 736 0
16 FacundoAcevedo-polls |2015-12-09 17:18:34| 838 |Wed, 09 Dec 2015 14:02:30 GMT| 59 0
17 FacundoAcevedo-SambaPasswordChanger |2013-11-27 15:43:09| 839 |Wed, 27 Nov 2013 15:49:17 GMT| 4 0
17 FacundoAcevedo-SambaPasswordChanger |2013-11-27 15:43:09| 840 |Wed, 27 Nov 2013 15:40:54 GMT| 2 2
17 FacundoAcevedo-SambaPasswordChanger |2013-11-27 15:43:09| 841 |Wed, 27 Nov 2013 15:38:59 GMT| 510 0
18 FacundoAcevedo-SpamPy |2013-11-27 15:54:52| 842 |Fri, 05 Jun 2015 15:13:23 GMT| 5 0
18 FacundoAcevedo-SpamPy |2013-11-27 15:54:52| 843 |Tue, 26 May 2015 17:37:07 GMT| 23 14
18 FacundoAcevedo-SpamPy |2013-11-27 15:54:52| 844 |Thu, 14 May 2015 11:47:58 GMT| 0 0
18 FacundoAcevedo-SpamPy |2013-11-27 15:54:52| 845 |Wed, 03 Sep 2014 14:41:18 GMT| 11 6
18 FacundoAcevedo-SpamPy |2013-11-27 15:54:52| 846 |Fri, 25 Apr 2014 13:42:50 GMT| 3 0
18 FacundoAcevedo-SpamPy |2013-11-27 15:54:52| 847 |Wed, 27 Nov 2013 16:02:48 GMT| 0 9
18 FacundoAcevedo-SpamPy |2013-11-27 15:54:52| 848 |Wed, 27 Nov 2013 16:02:31 GMT| 10 0
18 FacundoAcevedo-SpamPy |2013-11-27 15:54:52| 849 |Wed, 27 Nov 2013 15:58:44 GMT| 4 0
18 FacundoAcevedo-SpamPy |2013-11-27 15:54:52| 850 |Wed, 27 Nov 2013 15:57:22 GMT| 303 0
19 FacundoAcevedo-squidban |2015-04-14 17:10:57| 851 |Wed, 15 Apr 2015 14:17:21 GMT| 37 27
19 FacundoAcevedo-squidban |2015-04-14 17:10:57| 852 |Tue, 14 Apr 2015 17:13:08 GMT| 0 0
19 FacundoAcevedo-squidban |2015-04-14 17:10:57| 853 |Tue, 14 Apr 2015 17:08:50 GMT| 675 0
19 FacundoAcevedo-squidban |2015-04-14 17:10:57| 854 |Tue, 14 Apr 2015 15:16:29 GMT| 298 11
19 FacundoAcevedo-squidban |2015-04-14 17:10:57| 855 |Wed, 08 Apr 2015 17:20:30 GMT| 4 3
